row_id,probe,video_id,question_id,model_key,model_name,is_correct,confidence
1,II-B,op_v_000,op_q_000,qwen2_vl_2b,Qwen2-VL-2B,1,0.9
2,II-B,op_v_001,op_q_001,qwen2_vl_2b,Qwen2-VL-2B,1,0.9
3,II-B,op_v_002,op_q_002,qwen2_vl_2b,Qwen2-VL-2B,1,0.9
4,II-B,op_v_003,op_q_003,qwen2_vl_2b,Qwen2-VL-2B,1,0.9
5,II-B,op_v_004,op_q_004,qwen2_vl_2b,Qwen2-VL-2B,1,0.9
6,II-B,op_v_005,op_q_005,qwen2_vl_2b,Qwen2-VL-2B,1,0.9
7,II-B,op_v_006,op_q_006,qwen2_vl_2b,Qwen2-VL-2B,1,0.9
8,II-B,op_v_007,op_q_007,qwen2_vl_2b,Qwen2-VL-2B,1,0.9
9,II-B,op_v_008,op_q_008,qwen2_vl_2b,Qwen2-VL-2B,1,0.9
10,II-B,op_v_009,op_q_009,qwen2_vl_2b,Qwen2-VL-2B,1,0.9
11,II-B,op_v_010,op_q_010,qwen2_vl_2b,Qwen2-VL-2B,1,0.9
12,II-B,op_v_011,op_q_011,qwen2_vl_2b,Qwen2-VL-2B,1,0.9
13,II-B,op_v_012,op_q_012,qwen2_vl_2b,Qwen2-VL-2B,1,0.9
14,II-B,op_v_013,op_q_013,qwen2_vl_2b,Qwen2-VL-2B,1,0.9
15,II-B,op_v_014,op_q_014,qwen2_vl_2b,Qwen2-VL-2B,1,0.9
16,II-B,op_v_015,op_q_015,qwen2_vl_2b,Qwen2-VL-2B,1,0.9
17,II-B,op_v_016,op_q_016,qwen2_vl_2b,Qwen2-VL-2B,1,0.9
18,II-B,op_v_017,op_q_017,qwen2_vl_2b,Qwen2-VL-2B,1,0.9
19,II-B,op_v_018,op_q_018,qwen2_vl_2b,Qwen2-VL-2B,1,0.9
20,II-B,op_v_019,op_q_019,qwen2_vl_2b,Qwen2-VL-2B,1,0.9
21,II-B,op_v_020,op_q_020,qwen2_vl_2b,Qwen2-VL-2B,1,0.9
22,II-B,op_v_021,op_q_021,qwen2_vl_2b,Qwen2-VL-2B,1,0.9
23,II-B,op_v_022,op_q_022,qwen2_vl_2b,Qwen2-VL-2B,1,0.9
24,II-B,op_v_023,op_q_023,qwen2_vl_2b,Qwen2-VL-2B,1,0.9
25,II-B,op_v_024,op_q_024,qwen2_vl_2b,Qwen2-VL-2B,1,0.9
26,II-B,op_v_025,op_q_025,qwen2_vl_2b,Qwen2-VL-2B,1,0.9
27,II-B,op_v_026,op_q_026,qwen2_vl_2b,Qwen2-VL-2B,1,0.9
28,II-B,op_v_027,op_q_027,qwen2_vl_2b,Qwen2-VL-2B,1,0.9
29,II-B,op_v_028,op_q_028,qwen2_vl_2b,Qwen2-VL-2B,1,0.9
30,II-B,op_v_029,op_q_029,qwen2_vl_2b,Qwen2-VL-2B,1,0.9
31,II-B,op_v_030,op_q_030,qwen2_vl_2b,Qwen2-VL-2B,1,0.9
32,II-B,op_v_031,op_q_031,qwen2_vl_2b,Qwen2-VL-2B,1,0.9
33,II-B,op_v_032,op_q_032,qwen2_vl_2b,Qwen2-VL-2B,1,0.9
34,II-B,op_v_033,op_q_033,qwen2_vl_2b,Qwen2-VL-2B,1,0.9
35,II-B,op_v_034,op_q_034,qwen2_vl_2b,Qwen2-VL-2B,1,0.9
36,II-B,op_v_035,op_q_035,qwen2_vl_2b,Qwen2-VL-2B,1,0.9
37,II-B,op_v_036,op_q_036,qwen2_vl_2b,Qwen2-VL-2B,1,0.9
38,II-B,op_v_037,op_q_037,qwen2_vl_2b,Qwen2-VL-2B,1,0.9
39,II-B,op_v_038,op_q_038,qwen2_vl_2b,Qwen2-VL-2B,1,0.9
40,II-B,op_v_039,op_q_039,qwen2_vl_2b,Qwen2-VL-2B,1,0.9
41,II-B,op_v_040,op_q_040,qwen2_vl_2b,Qwen2-VL-2B,1,0.9
42,II-B,op_v_041,op_q_041,qwen2_vl_2b,Qwen2-VL-2B,1,0.9
43,II-B,op_v_042,op_q_042,qwen2_vl_2b,Qwen2-VL-2B,1,0.9
44,II-B,op_v_043,op_q_043,qwen2_vl_2b,Qwen2-VL-2B,1,0.9
45,II-B,op_v_044,op_q_044,qwen2_vl_2b,Qwen2-VL-2B,1,0.9
46,II-B,op_v_045,op_q_045,qwen2_vl_2b,Qwen2-VL-2B,1,0.9
47,II-B,op_v_046,op_q_046,qwen2_vl_2b,Qwen2-VL-2B,1,0.9
48,II-B,op_v_047,op_q_047,qwen2_vl_2b,Qwen2-VL-2B,1,0.9
49,II-B,op_v_048,op_q_048,qwen2_vl_2b,Qwen2-VL-2B,1,0.9
50,II-B,op_v_049,op_q_049,qwen2_vl_2b,Qwen2-VL-2B,1,0.9
51,II-B,op_v_000,op_q_050,qwen2_vl_2b,Qwen2-VL-2B,1,0.9
52,II-B,op_v_001,op_q_051,qwen2_vl_2b,Qwen2-VL-2B,1,0.9
53,II-B,op_v_002,op_q_052,qwen2_vl_2b,Qwen2-VL-2B,1,0.9
54,II-B,op_v_003,op_q_053,qwen2_vl_2b,Qwen2-VL-2B,1,0.9
55,II-B,op_v_004,op_q_054,qwen2_vl_2b,Qwen2-VL-2B,1,0.9
56,II-B,op_v_005,op_q_055,qwen2_vl_2b,Qwen2-VL-2B,1,0.9
57,II-B,op_v_006,op_q_056,qwen2_vl_2b,Qwen2-VL-2B,1,0.9
58,II-B,op_v_007,op_q_057,qwen2_vl_2b,Qwen2-VL-2B,1,0.9
59,II-B,op_v_008,op_q_058,qwen2_vl_2b,Qwen2-VL-2B,1,0.9
60,II-B,op_v_009,op_q_059,qwen2_vl_2b,Qwen2-VL-2B,1,0.9
61,II-B,op_v_010,op_q_060,qwen2_vl_2b,Qwen2-VL-2B,1,0.9
62,II-B,op_v_011,op_q_061,qwen2_vl_2b,Qwen2-VL-2B,1,0.9
63,II-B,op_v_012,op_q_062,qwen2_vl_2b,Qwen2-VL-2B,1,0.9
64,II-B,op_v_013,op_q_063,qwen2_vl_2b,Qwen2-VL-2B,1,0.9
65,II-B,op_v_014,op_q_064,qwen2_vl_2b,Qwen2-VL-2B,1,0.9
66,II-B,op_v_015,op_q_065,qwen2_vl_2b,Qwen2-VL-2B,1,0.9
67,II-B,op_v_016,op_q_066,qwen2_vl_2b,Qwen2-VL-2B,1,0.9
68,II-B,op_v_017,op_q_067,qwen2_vl_2b,Qwen2-VL-2B,1,0.9
69,II-B,op_v_018,op_q_068,qwen2_vl_2b,Qwen2-VL-2B,1,0.9
70,II-B,op_v_019,op_q_069,qwen2_vl_2b,Qwen2-VL-2B,1,0.9
71,II-B,op_v_020,op_q_070,qwen2_vl_2b,Qwen2-VL-2B,1,0.9
72,II-B,op_v_021,op_q_071,qwen2_vl_2b,Qwen2-VL-2B,1,0.9
73,II-B,op_v_022,op_q_072,qwen2_vl_2b,Qwen2-VL-2B,1,0.9
74,II-B,op_v_023,op_q_073,qwen2_vl_2b,Qwen2-VL-2B,1,0.9
75,II-B,op_v_024,op_q_074,qwen2_vl_2b,Qwen2-VL-2B,1,0.9
76,II-B,op_v_025,op_q_075,qwen2_vl_2b,Qwen2-VL-2B,1,0.9
77,II-B,op_v_026,op_q_076,qwen2_vl_2b,Qwen2-VL-2B,1,0.9
78,II-B,op_v_027,op_q_077,qwen2_vl_2b,Qwen2-VL-2B,1,0.9
79,II-B,op_v_028,op_q_078,qwen2_vl_2b,Qwen2-VL-2B,1,0.9
80,II-B,op_v_029,op_q_079,qwen2_vl_2b,Qwen2-VL-2B,1,0.9
81,II-B,op_v_030,op_q_080,qwen2_vl_2b,Qwen2-VL-2B,1,0.9
82,II-B,op_v_031,op_q_081,qwen2_vl_2b,Qwen2-VL-2B,1,0.9
83,II-B,op_v_032,op_q_082,qwen2_vl_2b,Qwen2-VL-2B,1,0.9
84,II-B,op_v_033,op_q_083,qwen2_vl_2b,Qwen2-VL-2B,1,0.9
85,II-B,op_v_034,op_q_084,qwen2_vl_2b,Qwen2-VL-2B,1,0.9
86,II-B,op_v_035,op_q_085,qwen2_vl_2b,Qwen2-VL-2B,1,0.9
87,II-B,op_v_036,op_q_086,qwen2_vl_2b,Qwen2-VL-2B,1,0.9
88,II-B,op_v_037,op_q_087,qwen2_vl_2b,Qwen2-VL-2B,1,0.9
89,II-B,op_v_038,op_q_088,qwen2_vl_2b,Qwen2-VL-2B,1,0.9
90,II-B,op_v_039,op_q_089,qwen2_vl_2b,Qwen2-VL-2B,1,0.9
91,II-B,op_v_040,op_q_090,qwen2_vl_2b,Qwen2-VL-2B,1,0.9
92,II-B,op_v_041,op_q_091,qwen2_vl_2b,Qwen2-VL-2B,1,0.9
93,II-B,op_v_042,op_q_092,qwen2_vl_2b,Qwen2-VL-2B,1,0.9
94,II-B,op_v_043,op_q_093,qwen2_vl_2b,Qwen2-VL-2B,1,0.9
95,II-B,op_v_044,op_q_094,qwen2_vl_2b,Qwen2-VL-2B,1,0.9
96,II-B,op_v_045,op_q_095,qwen2_vl_2b,Qwen2-VL-2B,1,0.9
97,II-B,op_v_046,op_q_096,qwen2_vl_2b,Qwen2-VL-2B,1,0.9
98,II-B,op_v_047,op_q_097,qwen2_vl_2b,Qwen2-VL-2B,1,0.9
99,II-B,op_v_048,op_q_098,qwen2_vl_2b,Qwen2-VL-2B,1,0.9
100,II-B,op_v_049,op_q_099,qwen2_vl_2b,Qwen2-VL-2B,1,0.9
101,II-B,op_v_000,op_q_100,qwen2_vl_2b,Qwen2-VL-2B,0,0.9
102,II-B,op_v_001,op_q_101,qwen2_vl_2b,Qwen2-VL-2B,0,0.9
103,II-B,op_v_002,op_q_102,qwen2_vl_2b,Qwen2-VL-2B,0,0.9
104,II-B,op_v_003,op_q_103,qwen2_vl_2b,Qwen2-VL-2B,0,0.9
105,II-B,op_v_004,op_q_104,qwen2_vl_2b,Qwen2-VL-2B,0,0.9
106,II-B,op_v_005,op_q_105,qwen2_vl_2b,Qwen2-VL-2B,0,0.9
107,II-B,op_v_006,op_q_106,qwen2_vl_2b,Qwen2-VL-2B,0,0.9
108,II-B,op_v_007,op_q_107,qwen2_vl_2b,Qwen2-VL-2B,0,0.9
109,II-B,op_v_008,op_q_108,qwen2_vl_2b,Qwen2-VL-2B,0,0.9
110,II-B,op_v_009,op_q_109,qwen2_vl_2b,Qwen2-VL-2B,0,0.9
111,II-B,op_v_010,op_q_110,qwen2_vl_2b,Qwen2-VL-2B,0,0.9
112,II-B,op_v_011,op_q_111,qwen2_vl_2b,Qwen2-VL-2B,0,0.9
113,II-B,op_v_012,op_q_112,qwen2_vl_2b,Qwen2-VL-2B,0,0.9
114,II-B,op_v_013,op_q_113,qwen2_vl_2b,Qwen2-VL-2B,0,0.9
115,II-B,op_v_014,op_q_114,qwen2_vl_2b,Qwen2-VL-2B,0,0.9
116,II-B,op_v_015,op_q_115,qwen2_vl_2b,Qwen2-VL-2B,0,0.9
117,II-B,op_v_016,op_q_116,qwen2_vl_2b,Qwen2-VL-2B,0,0.9
118,II-B,op_v_017,op_q_117,qwen2_vl_2b,Qwen2-VL-2B,0,0.9
119,II-B,op_v_018,op_q_118,qwen2_vl_2b,Qwen2-VL-2B,0,0.9
120,II-B,op_v_019,op_q_119,qwen2_vl_2b,Qwen2-VL-2B,0,0.9
121,II-B,op_v_020,op_q_120,qwen2_vl_2b,Qwen2-VL-2B,0,0.6
122,II-B,op_v_021,op_q_121,qwen2_vl_2b,Qwen2-VL-2B,0,0.6
123,II-B,op_v_022,op_q_122,qwen2_vl_2b,Qwen2-VL-2B,0,0.6
124,II-B,op_v_023,op_q_123,qwen2_vl_2b,Qwen2-VL-2B,0,0.6
125,II-B,op_v_024,op_q_124,qwen2_vl_2b,Qwen2-VL-2B,0,0.6
126,II-B,op_v_025,op_q_125,qwen2_vl_2b,Qwen2-VL-2B,0,0.6
127,II-B,op_v_026,op_q_126,qwen2_vl_2b,Qwen2-VL-2B,0,0.6
128,II-B,op_v_027,op_q_127,qwen2_vl_2b,Qwen2-VL-2B,0,0.6
129,II-B,op_v_028,op_q_128,qwen2_vl_2b,Qwen2-VL-2B,0,0.6
130,II-B,op_v_029,op_q_129,qwen2_vl_2b,Qwen2-VL-2B,0,0.6
131,II-B,op_v_030,op_q_130,qwen2_vl_2b,Qwen2-VL-2B,0,0.6
132,II-B,op_v_031,op_q_131,qwen2_vl_2b,Qwen2-VL-2B,0,0.6
133,II-B,op_v_032,op_q_132,qwen2_vl_2b,Qwen2-VL-2B,0,0.6
134,II-B,op_v_033,op_q_133,qwen2_vl_2b,Qwen2-VL-2B,0,0.6
135,II-B,op_v_034,op_q_134,qwen2_vl_2b,Qwen2-VL-2B,0,0.6
136,II-B,op_v_035,op_q_135,qwen2_vl_2b,Qwen2-VL-2B,0,0.6
137,II-B,op_v_036,op_q_136,qwen2_vl_2b,Qwen2-VL-2B,0,0.6
138,II-B,op_v_037,op_q_137,qwen2_vl_2b,Qwen2-VL-2B,0,0.6
139,II-B,op_v_038,op_q_138,qwen2_vl_2b,Qwen2-VL-2B,0,0.6
140,II-B,op_v_039,op_q_139,qwen2_vl_2b,Qwen2-VL-2B,0,0.6
141,II-B,op_v_040,op_q_140,qwen2_vl_2b,Qwen2-VL-2B,0,0.6
142,II-B,op_v_041,op_q_141,qwen2_vl_2b,Qwen2-VL-2B,0,0.6
143,II-B,op_v_042,op_q_142,qwen2_vl_2b,Qwen2-VL-2B,0,0.6
144,II-B,op_v_043,op_q_143,qwen2_vl_2b,Qwen2-VL-2B,0,0.6
145,II-B,op_v_044,op_q_144,qwen2_vl_2b,Qwen2-VL-2B,0,0.6
146,II-B,op_v_045,op_q_145,qwen2_vl_2b,Qwen2-VL-2B,0,0.6
147,II-B,op_v_046,op_q_146,qwen2_vl_2b,Qwen2-VL-2B,0,0.6
148,II-B,op_v_047,op_q_147,qwen2_vl_2b,Qwen2-VL-2B,0,0.6
149,II-B,op_v_048,op_q_148,qwen2_vl_2b,Qwen2-VL-2B,0,0.6
150,II-B,op_v_049,op_q_149,qwen2_vl_2b,Qwen2-VL-2B,0,0.6
151,II-B,op_v_000,op_q_150,qwen2_vl_2b,Qwen2-VL-2B,0,0.6
152,II-B,op_v_001,op_q_151,qwen2_vl_2b,Qwen2-VL-2B,0,0.6
153,II-B,op_v_002,op_q_152,qwen2_vl_2b,Qwen2-VL-2B,0,0.6
154,II-B,op_v_003,op_q_153,qwen2_vl_2b,Qwen2-VL-2B,0,0.6
155,II-B,op_v_004,op_q_154,qwen2_vl_2b,Qwen2-VL-2B,0,0.6
156,II-B,op_v_005,op_q_155,qwen2_vl_2b,Qwen2-VL-2B,0,0.6
157,II-B,op_v_006,op_q_156,qwen2_vl_2b,Qwen2-VL-2B,0,0.6
158,II-B,op_v_007,op_q_157,qwen2_vl_2b,Qwen2-VL-2B,0,0.6
159,II-B,op_v_008,op_q_158,qwen2_vl_2b,Qwen2-VL-2B,0,0.6
160,II-B,op_v_009,op_q_159,qwen2_vl_2b,Qwen2-VL-2B,0,0.6
161,II-B,op_v_010,op_q_160,qwen2_vl_2b,Qwen2-VL-2B,0,0.4
162,II-B,op_v_011,op_q_161,qwen2_vl_2b,Qwen2-VL-2B,0,0.4
163,II-B,op_v_012,op_q_162,qwen2_vl_2b,Qwen2-VL-2B,0,0.4
164,II-B,op_v_013,op_q_163,qwen2_vl_2b,Qwen2-VL-2B,0,0.4
165,II-B,op_v_014,op_q_164,qwen2_vl_2b,Qwen2-VL-2B,0,0.4
166,II-B,op_v_015,op_q_165,qwen2_vl_2b,Qwen2-VL-2B,0,0.4
167,II-B,op_v_016,op_q_166,qwen2_vl_2b,Qwen2-VL-2B,0,0.4
168,II-B,op_v_017,op_q_167,qwen2_vl_2b,Qwen2-VL-2B,0,0.4
169,II-B,op_v_018,op_q_168,qwen2_vl_2b,Qwen2-VL-2B,0,0.4
170,II-B,op_v_019,op_q_169,qwen2_vl_2b,Qwen2-VL-2B,0,0.4
171,II-B,op_v_020,op_q_170,qwen2_vl_2b,Qwen2-VL-2B,0,0.4
172,II-B,op_v_021,op_q_171,qwen2_vl_2b,Qwen2-VL-2B,0,0.4
173,II-B,op_v_022,op_q_172,qwen2_vl_2b,Qwen2-VL-2B,0,0.4
174,II-B,op_v_023,op_q_173,qwen2_vl_2b,Qwen2-VL-2B,0,0.4
175,II-B,op_v_024,op_q_174,qwen2_vl_2b,Qwen2-VL-2B,0,0.4
176,II-B,op_v_025,op_q_175,qwen2_vl_2b,Qwen2-VL-2B,0,0.4
177,II-B,op_v_026,op_q_176,qwen2_vl_2b,Qwen2-VL-2B,0,0.4
178,II-B,op_v_027,op_q_177,qwen2_vl_2b,Qwen2-VL-2B,0,0.4
179,II-B,op_v_028,op_q_178,qwen2_vl_2b,Qwen2-VL-2B,0,0.4
180,II-B,op_v_029,op_q_179,qwen2_vl_2b,Qwen2-VL-2B,0,0.4
181,II-B,op_v_030,op_q_180,qwen2_vl_2b,Qwen2-VL-2B,0,0.4
182,II-B,op_v_031,op_q_181,qwen2_vl_2b,Qwen2-VL-2B,0,0.4
183,II-B,op_v_032,op_q_182,qwen2_vl_2b,Qwen2-VL-2B,0,0.4
184,II-B,op_v_033,op_q_183,qwen2_vl_2b,Qwen2-VL-2B,0,0.4
185,II-B,op_v_034,op_q_184,qwen2_vl_2b,Qwen2-VL-2B,0,0.4
186,II-B,op_v_035,op_q_185,qwen2_vl_2b,Qwen2-VL-2B,0,0.4
187,II-B,op_v_036,op_q_186,qwen2_vl_2b,Qwen2-VL-2B,0,0.4
188,II-B,op_v_037,op_q_187,qwen2_vl_2b,Qwen2-VL-2B,0,0.4
189,II-B,op_v_038,op_q_188,qwen2_vl_2b,Qwen2-VL-2B,0,0.4
190,II-B,op_v_039,op_q_189,qwen2_vl_2b,Qwen2-VL-2B,0,0.4
191,II-B,op_v_040,op_q_190,qwen2_vl_2b,Qwen2-VL-2B,0,0.4
192,II-B,op_v_041,op_q_191,qwen2_vl_2b,Qwen2-VL-2B,0,0.4
193,II-B,op_v_042,op_q_192,qwen2_vl_2b,Qwen2-VL-2B,0,0.4
194,II-B,op_v_043,op_q_193,qwen2_vl_2b,Qwen2-VL-2B,0,0.4
195,II-B,op_v_044,op_q_194,qwen2_vl_2b,Qwen2-VL-2B,0,0.4
196,II-B,op_v_045,op_q_195,qwen2_vl_2b,Qwen2-VL-2B,0,0.4
197,II-B,op_v_046,op_q_196,qwen2_vl_2b,Qwen2-VL-2B,0,0.4
198,II-B,op_v_047,op_q_197,qwen2_vl_2b,Qwen2-VL-2B,0,0.4
199,II-B,op_v_048,op_q_198,qwen2_vl_2b,Qwen2-VL-2B,0,0.4
200,II-B,op_v_049,op_q_199,qwen2_vl_2b,Qwen2-VL-2B,0,0.4
201,II-B,op_v_000,op_q_000,llava_1_6_7b,LLaVA-1.6-7B,1,0.9
202,II-B,op_v_001,op_q_001,llava_1_6_7b,LLaVA-1.6-7B,1,0.9
203,II-B,op_v_002,op_q_002,llava_1_6_7b,LLaVA-1.6-7B,1,0.9
204,II-B,op_v_003,op_q_003,llava_1_6_7b,LLaVA-1.6-7B,1,0.9
205,II-B,op_v_004,op_q_004,llava_1_6_7b,LLaVA-1.6-7B,1,0.9
206,II-B,op_v_005,op_q_005,llava_1_6_7b,LLaVA-1.6-7B,1,0.9
207,II-B,op_v_006,op_q_006,llava_1_6_7b,LLaVA-1.6-7B,1,0.9
208,II-B,op_v_007,op_q_007,llava_1_6_7b,LLaVA-1.6-7B,1,0.9
209,II-B,op_v_008,op_q_008,llava_1_6_7b,LLaVA-1.6-7B,1,0.9
210,II-B,op_v_009,op_q_009,llava_1_6_7b,LLaVA-1.6-7B,1,0.9
211,II-B,op_v_010,op_q_010,llava_1_6_7b,LLaVA-1.6-7B,1,0.9
212,II-B,op_v_011,op_q_011,llava_1_6_7b,LLaVA-1.6-7B,1,0.9
213,II-B,op_v_012,op_q_012,llava_1_6_7b,LLaVA-1.6-7B,1,0.9
214,II-B,op_v_013,op_q_013,llava_1_6_7b,LLaVA-1.6-7B,1,0.9
215,II-B,op_v_014,op_q_014,llava_1_6_7b,LLaVA-1.6-7B,1,0.9
216,II-B,op_v_015,op_q_015,llava_1_6_7b,LLaVA-1.6-7B,1,0.9
217,II-B,op_v_016,op_q_016,llava_1_6_7b,LLaVA-1.6-7B,1,0.9
218,II-B,op_v_017,op_q_017,llava_1_6_7b,LLaVA-1.6-7B,1,0.9
219,II-B,op_v_018,op_q_018,llava_1_6_7b,LLaVA-1.6-7B,1,0.9
220,II-B,op_v_019,op_q_019,llava_1_6_7b,LLaVA-1.6-7B,1,0.9
221,II-B,op_v_020,op_q_020,llava_1_6_7b,LLaVA-1.6-7B,1,0.9
222,II-B,op_v_021,op_q_021,llava_1_6_7b,LLaVA-1.6-7B,1,0.9
223,II-B,op_v_022,op_q_022,llava_1_6_7b,LLaVA-1.6-7B,1,0.9
224,II-B,op_v_023,op_q_023,llava_1_6_7b,LLaVA-1.6-7B,1,0.9
225,II-B,op_v_024,op_q_024,llava_1_6_7b,LLaVA-1.6-7B,1,0.9
226,II-B,op_v_025,op_q_025,llava_1_6_7b,LLaVA-1.6-7B,1,0.9
227,II-B,op_v_026,op_q_026,llava_1_6_7b,LLaVA-1.6-7B,1,0.9
228,II-B,op_v_027,op_q_027,llava_1_6_7b,LLaVA-1.6-7B,1,0.9
229,II-B,op_v_028,op_q_028,llava_1_6_7b,LLaVA-1.6-7B,1,0.9
230,II-B,op_v_029,op_q_029,llava_1_6_7b,LLaVA-1.6-7B,1,0.9
231,II-B,op_v_030,op_q_030,llava_1_6_7b,LLaVA-1.6-7B,1,0.9
232,II-B,op_v_031,op_q_031,llava_1_6_7b,LLaVA-1.6-7B,1,0.9
233,II-B,op_v_032,op_q_032,llava_1_6_7b,LLaVA-1.6-7B,1,0.9
234,II-B,op_v_033,op_q_033,llava_1_6_7b,LLaVA-1.6-7B,1,0.9
235,II-B,op_v_034,op_q_034,llava_1_6_7b,LLaVA-1.6-7B,1,0.9
236,II-B,op_v_035,op_q_035,llava_1_6_7b,LLaVA-1.6-7B,1,0.9
237,II-B,op_v_036,op_q_036,llava_1_6_7b,LLaVA-1.6-7B,1,0.9
238,II-B,op_v_037,op_q_037,llava_1_6_7b,LLaVA-1.6-7B,1,0.9
239,II-B,op_v_038,op_q_038,llava_1_6_7b,LLaVA-1.6-7B,1,0.9
240,II-B,op_v_039,op_q_039,llava_1_6_7b,LLaVA-1.6-7B,1,0.9
241,II-B,op_v_040,op_q_040,llava_1_6_7b,LLaVA-1.6-7B,1,0.9
242,II-B,op_v_041,op_q_041,llava_1_6_7b,LLaVA-1.6-7B,1,0.9
243,II-B,op_v_042,op_q_042,llava_1_6_7b,LLaVA-1.6-7B,1,0.9
244,II-B,op_v_043,op_q_043,llava_1_6_7b,LLaVA-1.6-7B,1,0.9
245,II-B,op_v_044,op_q_044,llava_1_6_7b,LLaVA-1.6-7B,1,0.9
246,II-B,op_v_045,op_q_045,llava_1_6_7b,LLaVA-1.6-7B,1,0.9
247,II-B,op_v_046,op_q_046,llava_1_6_7b,LLaVA-1.6-7B,1,0.9
248,II-B,op_v_047,op_q_047,llava_1_6_7b,LLaVA-1.6-7B,1,0.9
249,II-B,op_v_048,op_q_048,llava_1_6_7b,LLaVA-1.6-7B,1,0.9
250,II-B,op_v_049,op_q_049,llava_1_6_7b,LLaVA-1.6-7B,1,0.9
251,II-B,op_v_000,op_q_050,llava_1_6_7b,LLaVA-1.6-7B,1,0.9
252,II-B,op_v_001,op_q_051,llava_1_6_7b,LLaVA-1.6-7B,1,0.9
253,II-B,op_v_002,op_q_052,llava_1_6_7b,LLaVA-1.6-7B,1,0.9
254,II-B,op_v_003,op_q_053,llava_1_6_7b,LLaVA-1.6-7B,1,0.9
255,II-B,op_v_004,op_q_054,llava_1_6_7b,LLaVA-1.6-7B,1,0.9
256,II-B,op_v_005,op_q_055,llava_1_6_7b,LLaVA-1.6-7B,1,0.9
257,II-B,op_v_006,op_q_056,llava_1_6_7b,LLaVA-1.6-7B,1,0.9
258,II-B,op_v_007,op_q_057,llava_1_6_7b,LLaVA-1.6-7B,1,0.9
259,II-B,op_v_008,op_q_058,llava_1_6_7b,LLaVA-1.6-7B,1,0.9
260,II-B,op_v_009,op_q_059,llava_1_6_7b,LLaVA-1.6-7B,1,0.9
261,II-B,op_v_010,op_q_060,llava_1_6_7b,LLaVA-1.6-7B,1,0.9
262,II-B,op_v_011,op_q_061,llava_1_6_7b,LLaVA-1.6-7B,1,0.9
263,II-B,op_v_012,op_q_062,llava_1_6_7b,LLaVA-1.6-7B,1,0.9
264,II-B,op_v_013,op_q_063,llava_1_6_7b,LLaVA-1.6-7B,1,0.9
265,II-B,op_v_014,op_q_064,llava_1_6_7b,LLaVA-1.6-7B,1,0.9
266,II-B,op_v_015,op_q_065,llava_1_6_7b,LLaVA-1.6-7B,1,0.9
267,II-B,op_v_016,op_q_066,llava_1_6_7b,LLaVA-1.6-7B,1,0.9
268,II-B,op_v_017,op_q_067,llava_1_6_7b,LLaVA-1.6-7B,1,0.9
269,II-B,op_v_018,op_q_068,llava_1_6_7b,LLaVA-1.6-7B,1,0.9
270,II-B,op_v_019,op_q_069,llava_1_6_7b,LLaVA-1.6-7B,1,0.9
271,II-B,op_v_020,op_q_070,llava_1_6_7b,LLaVA-1.6-7B,1,0.9
272,II-B,op_v_021,op_q_071,llava_1_6_7b,LLaVA-1.6-7B,1,0.9
273,II-B,op_v_022,op_q_072,llava_1_6_7b,LLaVA-1.6-7B,1,0.9
274,II-B,op_v_023,op_q_073,llava_1_6_7b,LLaVA-1.6-7B,1,0.9
275,II-B,op_v_024,op_q_074,llava_1_6_7b,LLaVA-1.6-7B,1,0.9
276,II-B,op_v_025,op_q_075,llava_1_6_7b,LLaVA-1.6-7B,1,0.9
277,II-B,op_v_026,op_q_076,llava_1_6_7b,LLaVA-1.6-7B,1,0.9
278,II-B,op_v_027,op_q_077,llava_1_6_7b,LLaVA-1.6-7B,1,0.9
279,II-B,op_v_028,op_q_078,llava_1_6_7b,LLaVA-1.6-7B,1,0.9
280,II-B,op_v_029,op_q_079,llava_1_6_7b,LLaVA-1.6-7B,1,0.9
281,II-B,op_v_030,op_q_080,llava_1_6_7b,LLaVA-1.6-7B,1,0.9
282,II-B,op_v_031,op_q_081,llava_1_6_7b,LLaVA-1.6-7B,1,0.9
283,II-B,op_v_032,op_q_082,llava_1_6_7b,LLaVA-1.6-7B,1,0.9
284,II-B,op_v_033,op_q_083,llava_1_6_7b,LLaVA-1.6-7B,1,0.9
285,II-B,op_v_034,op_q_084,llava_1_6_7b,LLaVA-1.6-7B,1,0.9
286,II-B,op_v_035,op_q_085,llava_1_6_7b,LLaVA-1.6-7B,1,0.9
287,II-B,op_v_036,op_q_086,llava_1_6_7b,LLaVA-1.6-7B,1,0.9
288,II-B,op_v_037,op_q_087,llava_1_6_7b,LLaVA-1.6-7B,1,0.9
289,II-B,op_v_038,op_q_088,llava_1_6_7b,LLaVA-1.6-7B,1,0.9
290,II-B,op_v_039,op_q_089,llava_1_6_7b,LLaVA-1.6-7B,1,0.9
291,II-B,op_v_040,op_q_090,llava_1_6_7b,LLaVA-1.6-7B,1,0.9
292,II-B,op_v_041,op_q_091,llava_1_6_7b,LLaVA-1.6-7B,1,0.9
293,II-B,op_v_042,op_q_092,llava_1_6_7b,LLaVA-1.6-7B,1,0.9
294,II-B,op_v_043,op_q_093,llava_1_6_7b,LLaVA-1.6-7B,1,0.9
295,II-B,op_v_044,op_q_094,llava_1_6_7b,LLaVA-1.6-7B,1,0.9
296,II-B,op_v_045,op_q_095,llava_1_6_7b,LLaVA-1.6-7B,1,0.9
297,II-B,op_v_046,op_q_096,llava_1_6_7b,LLaVA-1.6-7B,1,0.9
298,II-B,op_v_047,op_q_097,llava_1_6_7b,LLaVA-1.6-7B,1,0.9
299,II-B,op_v_048,op_q_098,llava_1_6_7b,LLaVA-1.6-7B,1,0.9
300,II-B,op_v_049,op_q_099,llava_1_6_7b,LLaVA-1.6-7B,1,0.9
301,II-B,op_v_000,op_q_100,llava_1_6_7b,LLaVA-1.6-7B,1,0.9
302,II-B,op_v_001,op_q_101,llava_1_6_7b,LLaVA-1.6-7B,1,0.9
303,II-B,op_v_002,op_q_102,llava_1_6_7b,LLaVA-1.6-7B,0,0.9
304,II-B,op_v_003,op_q_103,llava_1_6_7b,LLaVA-1.6-7B,0,0.9
305,II-B,op_v_004,op_q_104,llava_1_6_7b,LLaVA-1.6-7B,0,0.9
306,II-B,op_v_005,op_q_105,llava_1_6_7b,LLaVA-1.6-7B,0,0.9
307,II-B,op_v_006,op_q_106,llava_1_6_7b,LLaVA-1.6-7B,0,0.9
308,II-B,op_v_007,op_q_107,llava_1_6_7b,LLaVA-1.6-7B,0,0.9
309,II-B,op_v_008,op_q_108,llava_1_6_7b,LLaVA-1.6-7B,0,0.9
310,II-B,op_v_009,op_q_109,llava_1_6_7b,LLaVA-1.6-7B,0,0.9
311,II-B,op_v_010,op_q_110,llava_1_6_7b,LLaVA-1.6-7B,0,0.9
312,II-B,op_v_011,op_q_111,llava_1_6_7b,LLaVA-1.6-7B,0,0.9
313,II-B,op_v_012,op_q_112,llava_1_6_7b,LLaVA-1.6-7B,0,0.9
314,II-B,op_v_013,op_q_113,llava_1_6_7b,LLaVA-1.6-7B,0,0.9
315,II-B,op_v_014,op_q_114,llava_1_6_7b,LLaVA-1.6-7B,0,0.9
316,II-B,op_v_015,op_q_115,llava_1_6_7b,LLaVA-1.6-7B,0,0.9
317,II-B,op_v_016,op_q_116,llava_1_6_7b,LLaVA-1.6-7B,0,0.9
318,II-B,op_v_017,op_q_117,llava_1_6_7b,LLaVA-1.6-7B,0,0.9
319,II-B,op_v_018,op_q_118,llava_1_6_7b,LLaVA-1.6-7B,0,0.9
320,II-B,op_v_019,op_q_119,llava_1_6_7b,LLaVA-1.6-7B,0,0.9
321,II-B,op_v_020,op_q_120,llava_1_6_7b,LLaVA-1.6-7B,0,0.9
322,II-B,op_v_021,op_q_121,llava_1_6_7b,LLaVA-1.6-7B,0,0.9
323,II-B,op_v_022,op_q_122,llava_1_6_7b,LLaVA-1.6-7B,0,0.9
324,II-B,op_v_023,op_q_123,llava_1_6_7b,LLaVA-1.6-7B,0,0.9
325,II-B,op_v_024,op_q_124,llava_1_6_7b,LLaVA-1.6-7B,0,0.9
326,II-B,op_v_025,op_q_125,llava_1_6_7b,LLaVA-1.6-7B,0,0.9
327,II-B,op_v_026,op_q_126,llava_1_6_7b,LLaVA-1.6-7B,0,0.9
328,II-B,op_v_027,op_q_127,llava_1_6_7b,LLaVA-1.6-7B,0,0.9
329,II-B,op_v_028,op_q_128,llava_1_6_7b,LLaVA-1.6-7B,0,0.9
330,II-B,op_v_029,op_q_129,llava_1_6_7b,LLaVA-1.6-7B,0,0.9
331,II-B,op_v_030,op_q_130,llava_1_6_7b,LLaVA-1.6-7B,0,0.6
332,II-B,op_v_031,op_q_131,llava_1_6_7b,LLaVA-1.6-7B,0,0.6
333,II-B,op_v_032,op_q_132,llava_1_6_7b,LLaVA-1.6-7B,0,0.6
334,II-B,op_v_033,op_q_133,llava_1_6_7b,LLaVA-1.6-7B,0,0.6
335,II-B,op_v_034,op_q_134,llava_1_6_7b,LLaVA-1.6-7B,0,0.6
336,II-B,op_v_035,op_q_135,llava_1_6_7b,LLaVA-1.6-7B,0,0.6
337,II-B,op_v_036,op_q_136,llava_1_6_7b,LLaVA-1.6-7B,0,0.6
338,II-B,op_v_037,op_q_137,llava_1_6_7b,LLaVA-1.6-7B,0,0.6
339,II-B,op_v_038,op_q_138,llava_1_6_7b,LLaVA-1.6-7B,0,0.6
340,II-B,op_v_039,op_q_139,llava_1_6_7b,LLaVA-1.6-7B,0,0.6
341,II-B,op_v_040,op_q_140,llava_1_6_7b,LLaVA-1.6-7B,0,0.6
342,II-B,op_v_041,op_q_141,llava_1_6_7b,LLaVA-1.6-7B,0,0.6
343,II-B,op_v_042,op_q_142,llava_1_6_7b,LLaVA-1.6-7B,0,0.6
344,II-B,op_v_043,op_q_143,llava_1_6_7b,LLaVA-1.6-7B,0,0.6
345,II-B,op_v_044,op_q_144,llava_1_6_7b,LLaVA-1.6-7B,0,0.6
346,II-B,op_v_045,op_q_145,llava_1_6_7b,LLaVA-1.6-7B,0,0.6
347,II-B,op_v_046,op_q_146,llava_1_6_7b,LLaVA-1.6-7B,0,0.6
348,II-B,op_v_047,op_q_147,llava_1_6_7b,LLaVA-1.6-7B,0,0.6
349,II-B,op_v_048,op_q_148,llava_1_6_7b,LLaVA-1.6-7B,0,0.6
350,II-B,op_v_049,op_q_149,llava_1_6_7b,LLaVA-1.6-7B,0,0.6
351,II-B,op_v_000,op_q_150,llava_1_6_7b,LLaVA-1.6-7B,0,0.6
352,II-B,op_v_001,op_q_151,llava_1_6_7b,LLaVA-1.6-7B,0,0.6
353,II-B,op_v_002,op_q_152,llava_1_6_7b,LLaVA-1.6-7B,0,0.6
354,II-B,op_v_003,op_q_153,llava_1_6_7b,LLaVA-1.6-7B,0,0.6
355,II-B,op_v_004,op_q_154,llava_1_6_7b,LLaVA-1.6-7B,0,0.6
356,II-B,op_v_005,op_q_155,llava_1_6_7b,LLaVA-1.6-7B,0,0.6
357,II-B,op_v_006,op_q_156,llava_1_6_7b,LLaVA-1.6-7B,0,0.6
358,II-B,op_v_007,op_q_157,llava_1_6_7b,LLaVA-1.6-7B,0,0.6
359,II-B,op_v_008,op_q_158,llava_1_6_7b,LLaVA-1.6-7B,0,0.6
360,II-B,op_v_009,op_q_159,llava_1_6_7b,LLaVA-1.6-7B,0,0.6
361,II-B,op_v_010,op_q_160,llava_1_6_7b,LLaVA-1.6-7B,0,0.4
362,II-B,op_v_011,op_q_161,llava_1_6_7b,LLaVA-1.6-7B,0,0.4
363,II-B,op_v_012,op_q_162,llava_1_6_7b,LLaVA-1.6-7B,0,0.4
364,II-B,op_v_013,op_q_163,llava_1_6_7b,LLaVA-1.6-7B,0,0.4
365,II-B,op_v_014,op_q_164,llava_1_6_7b,LLaVA-1.6-7B,0,0.4
366,II-B,op_v_015,op_q_165,llava_1_6_7b,LLaVA-1.6-7B,0,0.4
367,II-B,op_v_016,op_q_166,llava_1_6_7b,LLaVA-1.6-7B,0,0.4
368,II-B,op_v_017,op_q_167,llava_1_6_7b,LLaVA-1.6-7B,0,0.4
369,II-B,op_v_018,op_q_168,llava_1_6_7b,LLaVA-1.6-7B,0,0.4
370,II-B,op_v_019,op_q_169,llava_1_6_7b,LLaVA-1.6-7B,0,0.4
371,II-B,op_v_020,op_q_170,llava_1_6_7b,LLaVA-1.6-7B,0,0.4
372,II-B,op_v_021,op_q_171,llava_1_6_7b,LLaVA-1.6-7B,0,0.4
373,II-B,op_v_022,op_q_172,llava_1_6_7b,LLaVA-1.6-7B,0,0.4
374,II-B,op_v_023,op_q_173,llava_1_6_7b,LLaVA-1.6-7B,0,0.4
375,II-B,op_v_024,op_q_174,llava_1_6_7b,LLaVA-1.6-7B,0,0.4
376,II-B,op_v_025,op_q_175,llava_1_6_7b,LLaVA-1.6-7B,0,0.4
377,II-B,op_v_026,op_q_176,llava_1_6_7b,LLaVA-1.6-7B,0,0.4
378,II-B,op_v_027,op_q_177,llava_1_6_7b,LLaVA-1.6-7B,0,0.4
379,II-B,op_v_028,op_q_178,llava_1_6_7b,LLaVA-1.6-7B,0,0.4
380,II-B,op_v_029,op_q_179,llava_1_6_7b,LLaVA-1.6-7B,0,0.4
381,II-B,op_v_030,op_q_180,llava_1_6_7b,LLaVA-1.6-7B,0,0.4
382,II-B,op_v_031,op_q_181,llava_1_6_7b,LLaVA-1.6-7B,0,0.4
383,II-B,op_v_032,op_q_182,llava_1_6_7b,LLaVA-1.6-7B,0,0.4
384,II-B,op_v_033,op_q_183,llava_1_6_7b,LLaVA-1.6-7B,0,0.4
385,II-B,op_v_034,op_q_184,llava_1_6_7b,LLaVA-1.6-7B,0,0.4
386,II-B,op_v_035,op_q_185,llava_1_6_7b,LLaVA-1.6-7B,0,0.4
387,II-B,op_v_036,op_q_186,llava_1_6_7b,LLaVA-1.6-7B,0,0.4
388,II-B,op_v_037,op_q_187,llava_1_6_7b,LLaVA-1.6-7B,0,0.4
389,II-B,op_v_038,op_q_188,llava_1_6_7b,LLaVA-1.6-7B,0,0.4
390,II-B,op_v_039,op_q_189,llava_1_6_7b,LLaVA-1.6-7B,0,0.4
391,II-B,op_v_040,op_q_190,llava_1_6_7b,LLaVA-1.6-7B,0,0.4
392,II-B,op_v_041,op_q_191,llava_1_6_7b,LLaVA-1.6-7B,0,0.4
393,II-B,op_v_042,op_q_192,llava_1_6_7b,LLaVA-1.6-7B,0,0.4
394,II-B,op_v_043,op_q_193,llava_1_6_7b,LLaVA-1.6-7B,0,0.4
395,II-B,op_v_044,op_q_194,llava_1_6_7b,LLaVA-1.6-7B,0,0.4
396,II-B,op_v_045,op_q_195,llava_1_6_7b,LLaVA-1.6-7B,0,0.4
397,II-B,op_v_046,op_q_196,llava_1_6_7b,LLaVA-1.6-7B,0,0.4
398,II-B,op_v_047,op_q_197,llava_1_6_7b,LLaVA-1.6-7B,0,0.4
399,II-B,op_v_048,op_q_198,llava_1_6_7b,LLaVA-1.6-7B,0,0.4
400,II-B,op_v_049,op_q_199,llava_1_6_7b,LLaVA-1.6-7B,0,0.4
401,II-B,op_v_000,op_q_000,qwen2_vl_7b,Qwen2-VL-7B,1,0.9
402,II-B,op_v_001,op_q_001,qwen2_vl_7b,Qwen2-VL-7B,1,0.9
403,II-B,op_v_002,op_q_002,qwen2_vl_7b,Qwen2-VL-7B,1,0.9
404,II-B,op_v_003,op_q_003,qwen2_vl_7b,Qwen2-VL-7B,1,0.9
405,II-B,op_v_004,op_q_004,qwen2_vl_7b,Qwen2-VL-7B,1,0.9
406,II-B,op_v_005,op_q_005,qwen2_vl_7b,Qwen2-VL-7B,1,0.9
407,II-B,op_v_006,op_q_006,qwen2_vl_7b,Qwen2-VL-7B,1,0.9
408,II-B,op_v_007,op_q_007,qwen2_vl_7b,Qwen2-VL-7B,1,0.9
409,II-B,op_v_008,op_q_008,qwen2_vl_7b,Qwen2-VL-7B,1,0.9
410,II-B,op_v_009,op_q_009,qwen2_vl_7b,Qwen2-VL-7B,1,0.9
411,II-B,op_v_010,op_q_010,qwen2_vl_7b,Qwen2-VL-7B,1,0.9
412,II-B,op_v_011,op_q_011,qwen2_vl_7b,Qwen2-VL-7B,1,0.9
413,II-B,op_v_012,op_q_012,qwen2_vl_7b,Qwen2-VL-7B,1,0.9
414,II-B,op_v_013,op_q_013,qwen2_vl_7b,Qwen2-VL-7B,1,0.9
415,II-B,op_v_014,op_q_014,qwen2_vl_7b,Qwen2-VL-7B,1,0.9
416,II-B,op_v_015,op_q_015,qwen2_vl_7b,Qwen2-VL-7B,1,0.9
417,II-B,op_v_016,op_q_016,qwen2_vl_7b,Qwen2-VL-7B,1,0.9
418,II-B,op_v_017,op_q_017,qwen2_vl_7b,Qwen2-VL-7B,1,0.9
419,II-B,op_v_018,op_q_018,qwen2_vl_7b,Qwen2-VL-7B,1,0.9
420,II-B,op_v_019,op_q_019,qwen2_vl_7b,Qwen2-VL-7B,1,0.9
421,II-B,op_v_020,op_q_020,qwen2_vl_7b,Qwen2-VL-7B,1,0.9
422,II-B,op_v_021,op_q_021,qwen2_vl_7b,Qwen2-VL-7B,1,0.9
423,II-B,op_v_022,op_q_022,qwen2_vl_7b,Qwen2-VL-7B,1,0.9
424,II-B,op_v_023,op_q_023,qwen2_vl_7b,Qwen2-VL-7B,1,0.9
425,II-B,op_v_024,op_q_024,qwen2_vl_7b,Qwen2-VL-7B,1,0.9
426,II-B,op_v_025,op_q_025,qwen2_vl_7b,Qwen2-VL-7B,1,0.9
427,II-B,op_v_026,op_q_026,qwen2_vl_7b,Qwen2-VL-7B,1,0.9
428,II-B,op_v_027,op_q_027,qwen2_vl_7b,Qwen2-VL-7B,1,0.9
429,II-B,op_v_028,op_q_028,qwen2_vl_7b,Qwen2-VL-7B,1,0.9
430,II-B,op_v_029,op_q_029,qwen2_vl_7b,Qwen2-VL-7B,1,0.9
431,II-B,op_v_030,op_q_030,qwen2_vl_7b,Qwen2-VL-7B,1,0.9
432,II-B,op_v_031,op_q_031,qwen2_vl_7b,Qwen2-VL-7B,1,0.9
433,II-B,op_v_032,op_q_032,qwen2_vl_7b,Qwen2-VL-7B,1,0.9
434,II-B,op_v_033,op_q_033,qwen2_vl_7b,Qwen2-VL-7B,1,0.9
435,II-B,op_v_034,op_q_034,qwen2_vl_7b,Qwen2-VL-7B,1,0.9
436,II-B,op_v_035,op_q_035,qwen2_vl_7b,Qwen2-VL-7B,1,0.9
437,II-B,op_v_036,op_q_036,qwen2_vl_7b,Qwen2-VL-7B,1,0.9
438,II-B,op_v_037,op_q_037,qwen2_vl_7b,Qwen2-VL-7B,1,0.9
439,II-B,op_v_038,op_q_038,qwen2_vl_7b,Qwen2-VL-7B,1,0.9
440,II-B,op_v_039,op_q_039,qwen2_vl_7b,Qwen2-VL-7B,1,0.9
441,II-B,op_v_040,op_q_040,qwen2_vl_7b,Qwen2-VL-7B,1,0.9
442,II-B,op_v_041,op_q_041,qwen2_vl_7b,Qwen2-VL-7B,1,0.9
443,II-B,op_v_042,op_q_042,qwen2_vl_7b,Qwen2-VL-7B,1,0.9
444,II-B,op_v_043,op_q_043,qwen2_vl_7b,Qwen2-VL-7B,1,0.9
445,II-B,op_v_044,op_q_044,qwen2_vl_7b,Qwen2-VL-7B,1,0.9
446,II-B,op_v_045,op_q_045,qwen2_vl_7b,Qwen2-VL-7B,1,0.9
447,II-B,op_v_046,op_q_046,qwen2_vl_7b,Qwen2-VL-7B,1,0.9
448,II-B,op_v_047,op_q_047,qwen2_vl_7b,Qwen2-VL-7B,1,0.9
449,II-B,op_v_048,op_q_048,qwen2_vl_7b,Qwen2-VL-7B,1,0.9
450,II-B,op_v_049,op_q_049,qwen2_vl_7b,Qwen2-VL-7B,1,0.9
451,II-B,op_v_000,op_q_050,qwen2_vl_7b,Qwen2-VL-7B,1,0.9
452,II-B,op_v_001,op_q_051,qwen2_vl_7b,Qwen2-VL-7B,1,0.9
453,II-B,op_v_002,op_q_052,qwen2_vl_7b,Qwen2-VL-7B,1,0.9
454,II-B,op_v_003,op_q_053,qwen2_vl_7b,Qwen2-VL-7B,1,0.9
455,II-B,op_v_004,op_q_054,qwen2_vl_7b,Qwen2-VL-7B,1,0.9
456,II-B,op_v_005,op_q_055,qwen2_vl_7b,Qwen2-VL-7B,1,0.9
457,II-B,op_v_006,op_q_056,qwen2_vl_7b,Qwen2-VL-7B,1,0.9
458,II-B,op_v_007,op_q_057,qwen2_vl_7b,Qwen2-VL-7B,1,0.9
459,II-B,op_v_008,op_q_058,qwen2_vl_7b,Qwen2-VL-7B,1,0.9
460,II-B,op_v_009,op_q_059,qwen2_vl_7b,Qwen2-VL-7B,1,0.9
461,II-B,op_v_010,op_q_060,qwen2_vl_7b,Qwen2-VL-7B,1,0.9
462,II-B,op_v_011,op_q_061,qwen2_vl_7b,Qwen2-VL-7B,1,0.9
463,II-B,op_v_012,op_q_062,qwen2_vl_7b,Qwen2-VL-7B,1,0.9
464,II-B,op_v_013,op_q_063,qwen2_vl_7b,Qwen2-VL-7B,1,0.9
465,II-B,op_v_014,op_q_064,qwen2_vl_7b,Qwen2-VL-7B,1,0.9
466,II-B,op_v_015,op_q_065,qwen2_vl_7b,Qwen2-VL-7B,1,0.9
467,II-B,op_v_016,op_q_066,qwen2_vl_7b,Qwen2-VL-7B,1,0.9
468,II-B,op_v_017,op_q_067,qwen2_vl_7b,Qwen2-VL-7B,1,0.9
469,II-B,op_v_018,op_q_068,qwen2_vl_7b,Qwen2-VL-7B,1,0.9
470,II-B,op_v_019,op_q_069,qwen2_vl_7b,Qwen2-VL-7B,1,0.9
471,II-B,op_v_020,op_q_070,qwen2_vl_7b,Qwen2-VL-7B,1,0.9
472,II-B,op_v_021,op_q_071,qwen2_vl_7b,Qwen2-VL-7B,1,0.9
473,II-B,op_v_022,op_q_072,qwen2_vl_7b,Qwen2-VL-7B,1,0.9
474,II-B,op_v_023,op_q_073,qwen2_vl_7b,Qwen2-VL-7B,1,0.9
475,II-B,op_v_024,op_q_074,qwen2_vl_7b,Qwen2-VL-7B,1,0.9
476,II-B,op_v_025,op_q_075,qwen2_vl_7b,Qwen2-VL-7B,1,0.9
477,II-B,op_v_026,op_q_076,qwen2_vl_7b,Qwen2-VL-7B,1,0.9
478,II-B,op_v_027,op_q_077,qwen2_vl_7b,Qwen2-VL-7B,1,0.9
479,II-B,op_v_028,op_q_078,qwen2_vl_7b,Qwen2-VL-7B,1,0.9
480,II-B,op_v_029,op_q_079,qwen2_vl_7b,Qwen2-VL-7B,1,0.9
481,II-B,op_v_030,op_q_080,qwen2_vl_7b,Qwen2-VL-7B,1,0.9
482,II-B,op_v_031,op_q_081,qwen2_vl_7b,Qwen2-VL-7B,1,0.9
483,II-B,op_v_032,op_q_082,qwen2_vl_7b,Qwen2-VL-7B,1,0.9
484,II-B,op_v_033,op_q_083,qwen2_vl_7b,Qwen2-VL-7B,1,0.9
485,II-B,op_v_034,op_q_084,qwen2_vl_7b,Qwen2-VL-7B,1,0.9
486,II-B,op_v_035,op_q_085,qwen2_vl_7b,Qwen2-VL-7B,1,0.9
487,II-B,op_v_036,op_q_086,qwen2_vl_7b,Qwen2-VL-7B,1,0.9
488,II-B,op_v_037,op_q_087,qwen2_vl_7b,Qwen2-VL-7B,1,0.9
489,II-B,op_v_038,op_q_088,qwen2_vl_7b,Qwen2-VL-7B,1,0.9
490,II-B,op_v_039,op_q_089,qwen2_vl_7b,Qwen2-VL-7B,1,0.9
491,II-B,op_v_040,op_q_090,qwen2_vl_7b,Qwen2-VL-7B,1,0.9
492,II-B,op_v_041,op_q_091,qwen2_vl_7b,Qwen2-VL-7B,1,0.9
493,II-B,op_v_042,op_q_092,qwen2_vl_7b,Qwen2-VL-7B,1,0.9
494,II-B,op_v_043,op_q_093,qwen2_vl_7b,Qwen2-VL-7B,1,0.9
495,II-B,op_v_044,op_q_094,qwen2_vl_7b,Qwen2-VL-7B,1,0.9
496,II-B,op_v_045,op_q_095,qwen2_vl_7b,Qwen2-VL-7B,1,0.9
497,II-B,op_v_046,op_q_096,qwen2_vl_7b,Qwen2-VL-7B,1,0.9
498,II-B,op_v_047,op_q_097,qwen2_vl_7b,Qwen2-VL-7B,1,0.9
499,II-B,op_v_048,op_q_098,qwen2_vl_7b,Qwen2-VL-7B,0,0.9
500,II-B,op_v_049,op_q_099,qwen2_vl_7b,Qwen2-VL-7B,0,0.9
501,II-B,op_v_000,op_q_100,qwen2_vl_7b,Qwen2-VL-7B,0,0.9
502,II-B,op_v_001,op_q_101,qwen2_vl_7b,Qwen2-VL-7B,0,0.9
503,II-B,op_v_002,op_q_102,qwen2_vl_7b,Qwen2-VL-7B,0,0.9
504,II-B,op_v_003,op_q_103,qwen2_vl_7b,Qwen2-VL-7B,0,0.9
505,II-B,op_v_004,op_q_104,qwen2_vl_7b,Qwen2-VL-7B,0,0.9
506,II-B,op_v_005,op_q_105,qwen2_vl_7b,Qwen2-VL-7B,0,0.9
507,II-B,op_v_006,op_q_106,qwen2_vl_7b,Qwen2-VL-7B,0,0.9
508,II-B,op_v_007,op_q_107,qwen2_vl_7b,Qwen2-VL-7B,0,0.9
509,II-B,op_v_008,op_q_108,qwen2_vl_7b,Qwen2-VL-7B,0,0.9
510,II-B,op_v_009,op_q_109,qwen2_vl_7b,Qwen2-VL-7B,0,0.9
511,II-B,op_v_010,op_q_110,qwen2_vl_7b,Qwen2-VL-7B,0,0.9
512,II-B,op_v_011,op_q_111,qwen2_vl_7b,Qwen2-VL-7B,0,0.9
513,II-B,op_v_012,op_q_112,qwen2_vl_7b,Qwen2-VL-7B,0,0.9
514,II-B,op_v_013,op_q_113,qwen2_vl_7b,Qwen2-VL-7B,0,0.9
515,II-B,op_v_014,op_q_114,qwen2_vl_7b,Qwen2-VL-7B,0,0.9
516,II-B,op_v_015,op_q_115,qwen2_vl_7b,Qwen2-VL-7B,0,0.9
517,II-B,op_v_016,op_q_116,qwen2_vl_7b,Qwen2-VL-7B,0,0.9
518,II-B,op_v_017,op_q_117,qwen2_vl_7b,Qwen2-VL-7B,0,0.9
519,II-B,op_v_018,op_q_118,qwen2_vl_7b,Qwen2-VL-7B,0,0.9
520,II-B,op_v_019,op_q_119,qwen2_vl_7b,Qwen2-VL-7B,0,0.9
521,II-B,op_v_020,op_q_120,qwen2_vl_7b,Qwen2-VL-7B,0,0.9
522,II-B,op_v_021,op_q_121,qwen2_vl_7b,Qwen2-VL-7B,0,0.9
523,II-B,op_v_022,op_q_122,qwen2_vl_7b,Qwen2-VL-7B,0,0.9
524,II-B,op_v_023,op_q_123,qwen2_vl_7b,Qwen2-VL-7B,0,0.9
525,II-B,op_v_024,op_q_124,qwen2_vl_7b,Qwen2-VL-7B,0,0.9
526,II-B,op_v_025,op_q_125,qwen2_vl_7b,Qwen2-VL-7B,0,0.9
527,II-B,op_v_026,op_q_126,qwen2_vl_7b,Qwen2-VL-7B,0,0.9
528,II-B,op_v_027,op_q_127,qwen2_vl_7b,Qwen2-VL-7B,0,0.9
529,II-B,op_v_028,op_q_128,qwen2_vl_7b,Qwen2-VL-7B,0,0.9
530,II-B,op_v_029,op_q_129,qwen2_vl_7b,Qwen2-VL-7B,0,0.9
531,II-B,op_v_030,op_q_130,qwen2_vl_7b,Qwen2-VL-7B,0,0.9
532,II-B,op_v_031,op_q_131,qwen2_vl_7b,Qwen2-VL-7B,0,0.9
533,II-B,op_v_032,op_q_132,qwen2_vl_7b,Qwen2-VL-7B,0,0.9
534,II-B,op_v_033,op_q_133,qwen2_vl_7b,Qwen2-VL-7B,0,0.9
535,II-B,op_v_034,op_q_134,qwen2_vl_7b,Qwen2-VL-7B,0,0.9
536,II-B,op_v_035,op_q_135,qwen2_vl_7b,Qwen2-VL-7B,0,0.9
537,II-B,op_v_036,op_q_136,qwen2_vl_7b,Qwen2-VL-7B,0,0.9
538,II-B,op_v_037,op_q_137,qwen2_vl_7b,Qwen2-VL-7B,0,0.9
539,II-B,op_v_038,op_q_138,qwen2_vl_7b,Qwen2-VL-7B,0,0.9
540,II-B,op_v_039,op_q_139,qwen2_vl_7b,Qwen2-VL-7B,0,0.9
541,II-B,op_v_040,op_q_140,qwen2_vl_7b,Qwen2-VL-7B,0,0.6
542,II-B,op_v_041,op_q_141,qwen2_vl_7b,Qwen2-VL-7B,0,0.6
543,II-B,op_v_042,op_q_142,qwen2_vl_7b,Qwen2-VL-7B,0,0.6
544,II-B,op_v_043,op_q_143,qwen2_vl_7b,Qwen2-VL-7B,0,0.6
545,II-B,op_v_044,op_q_144,qwen2_vl_7b,Qwen2-VL-7B,0,0.6
546,II-B,op_v_045,op_q_145,qwen2_vl_7b,Qwen2-VL-7B,0,0.6
547,II-B,op_v_046,op_q_146,qwen2_vl_7b,Qwen2-VL-7B,0,0.6
548,II-B,op_v_047,op_q_147,qwen2_vl_7b,Qwen2-VL-7B,0,0.6
549,II-B,op_v_048,op_q_148,qwen2_vl_7b,Qwen2-VL-7B,0,0.6
550,II-B,op_v_049,op_q_149,qwen2_vl_7b,Qwen2-VL-7B,0,0.6
551,II-B,op_v_000,op_q_150,qwen2_vl_7b,Qwen2-VL-7B,0,0.6
552,II-B,op_v_001,op_q_151,qwen2_vl_7b,Qwen2-VL-7B,0,0.6
553,II-B,op_v_002,op_q_152,qwen2_vl_7b,Qwen2-VL-7B,0,0.6
554,II-B,op_v_003,op_q_153,qwen2_vl_7b,Qwen2-VL-7B,0,0.6
555,II-B,op_v_004,op_q_154,qwen2_vl_7b,Qwen2-VL-7B,0,0.6
556,II-B,op_v_005,op_q_155,qwen2_vl_7b,Qwen2-VL-7B,0,0.6
557,II-B,op_v_006,op_q_156,qwen2_vl_7b,Qwen2-VL-7B,0,0.6
558,II-B,op_v_007,op_q_157,qwen2_vl_7b,Qwen2-VL-7B,0,0.6
559,II-B,op_v_008,op_q_158,qwen2_vl_7b,Qwen2-VL-7B,0,0.6
560,II-B,op_v_009,op_q_159,qwen2_vl_7b,Qwen2-VL-7B,0,0.6
561,II-B,op_v_010,op_q_160,qwen2_vl_7b,Qwen2-VL-7B,0,0.4
562,II-B,op_v_011,op_q_161,qwen2_vl_7b,Qwen2-VL-7B,0,0.4
563,II-B,op_v_012,op_q_162,qwen2_vl_7b,Qwen2-VL-7B,0,0.4
564,II-B,op_v_013,op_q_163,qwen2_vl_7b,Qwen2-VL-7B,0,0.4
565,II-B,op_v_014,op_q_164,qwen2_vl_7b,Qwen2-VL-7B,0,0.4
566,II-B,op_v_015,op_q_165,qwen2_vl_7b,Qwen2-VL-7B,0,0.4
567,II-B,op_v_016,op_q_166,qwen2_vl_7b,Qwen2-VL-7B,0,0.4
568,II-B,op_v_017,op_q_167,qwen2_vl_7b,Qwen2-VL-7B,0,0.4
569,II-B,op_v_018,op_q_168,qwen2_vl_7b,Qwen2-VL-7B,0,0.4
570,II-B,op_v_019,op_q_169,qwen2_vl_7b,Qwen2-VL-7B,0,0.4
571,II-B,op_v_020,op_q_170,qwen2_vl_7b,Qwen2-VL-7B,0,0.4
572,II-B,op_v_021,op_q_171,qwen2_vl_7b,Qwen2-VL-7B,0,0.4
573,II-B,op_v_022,op_q_172,qwen2_vl_7b,Qwen2-VL-7B,0,0.4
574,II-B,op_v_023,op_q_173,qwen2_vl_7b,Qwen2-VL-7B,0,0.4
575,II-B,op_v_024,op_q_174,qwen2_vl_7b,Qwen2-VL-7B,0,0.4
576,II-B,op_v_025,op_q_175,qwen2_vl_7b,Qwen2-VL-7B,0,0.4
577,II-B,op_v_026,op_q_176,qwen2_vl_7b,Qwen2-VL-7B,0,0.4
578,II-B,op_v_027,op_q_177,qwen2_vl_7b,Qwen2-VL-7B,0,0.4
579,II-B,op_v_028,op_q_178,qwen2_vl_7b,Qwen2-VL-7B,0,0.4
580,II-B,op_v_029,op_q_179,qwen2_vl_7b,Qwen2-VL-7B,0,0.4
581,II-B,op_v_030,op_q_180,qwen2_vl_7b,Qwen2-VL-7B,0,0.4
582,II-B,op_v_031,op_q_181,qwen2_vl_7b,Qwen2-VL-7B,0,0.4
583,II-B,op_v_032,op_q_182,qwen2_vl_7b,Qwen2-VL-7B,0,0.4
584,II-B,op_v_033,op_q_183,qwen2_vl_7b,Qwen2-VL-7B,0,0.4
585,II-B,op_v_034,op_q_184,qwen2_vl_7b,Qwen2-VL-7B,0,0.4
586,II-B,op_v_035,op_q_185,qwen2_vl_7b,Qwen2-VL-7B,0,0.4
587,II-B,op_v_036,op_q_186,qwen2_vl_7b,Qwen2-VL-7B,0,0.4
588,II-B,op_v_037,op_q_187,qwen2_vl_7b,Qwen2-VL-7B,0,0.4
589,II-B,op_v_038,op_q_188,qwen2_vl_7b,Qwen2-VL-7B,0,0.4
590,II-B,op_v_039,op_q_189,qwen2_vl_7b,Qwen2-VL-7B,0,0.4
591,II-B,op_v_040,op_q_190,qwen2_vl_7b,Qwen2-VL-7B,0,0.4
592,II-B,op_v_041,op_q_191,qwen2_vl_7b,Qwen2-VL-7B,0,0.4
593,II-B,op_v_042,op_q_192,qwen2_vl_7b,Qwen2-VL-7B,0,0.4
594,II-B,op_v_043,op_q_193,qwen2_vl_7b,Qwen2-VL-7B,0,0.4
595,II-B,op_v_044,op_q_194,qwen2_vl_7b,Qwen2-VL-7B,0,0.4
596,II-B,op_v_045,op_q_195,qwen2_vl_7b,Qwen2-VL-7B,0,0.4
597,II-B,op_v_046,op_q_196,qwen2_vl_7b,Qwen2-VL-7B,0,0.4
598,II-B,op_v_047,op_q_197,qwen2_vl_7b,Qwen2-VL-7B,0,0.4
599,II-B,op_v_048,op_q_198,qwen2_vl_7b,Qwen2-VL-7B,0,0.4
600,II-B,op_v_049,op_q_199,qwen2_vl_7b,Qwen2-VL-7B,0,0.4
601,II-B,op_v_000,op_q_000,gemini_1_5_flash,Gemini 1.5 Flash,1,0.9
602,II-B,op_v_001,op_q_001,gemini_1_5_flash,Gemini 1.5 Flash,1,0.9
603,II-B,op_v_002,op_q_002,gemini_1_5_flash,Gemini 1.5 Flash,1,0.9
604,II-B,op_v_003,op_q_003,gemini_1_5_flash,Gemini 1.5 Flash,1,0.9
605,II-B,op_v_004,op_q_004,gemini_1_5_flash,Gemini 1.5 Flash,1,0.9
606,II-B,op_v_005,op_q_005,gemini_1_5_flash,Gemini 1.5 Flash,1,0.9
607,II-B,op_v_006,op_q_006,gemini_1_5_flash,Gemini 1.5 Flash,1,0.9
608,II-B,op_v_007,op_q_007,gemini_1_5_flash,Gemini 1.5 Flash,1,0.9
609,II-B,op_v_008,op_q_008,gemini_1_5_flash,Gemini 1.5 Flash,1,0.9
610,II-B,op_v_009,op_q_009,gemini_1_5_flash,Gemini 1.5 Flash,1,0.9
611,II-B,op_v_010,op_q_010,gemini_1_5_flash,Gemini 1.5 Flash,1,0.9
612,II-B,op_v_011,op_q_011,gemini_1_5_flash,Gemini 1.5 Flash,1,0.9
613,II-B,op_v_012,op_q_012,gemini_1_5_flash,Gemini 1.5 Flash,1,0.9
614,II-B,op_v_013,op_q_013,gemini_1_5_flash,Gemini 1.5 Flash,1,0.9
615,II-B,op_v_014,op_q_014,gemini_1_5_flash,Gemini 1.5 Flash,1,0.9
616,II-B,op_v_015,op_q_015,gemini_1_5_flash,Gemini 1.5 Flash,1,0.9
617,II-B,op_v_016,op_q_016,gemini_1_5_flash,Gemini 1.5 Flash,1,0.9
618,II-B,op_v_017,op_q_017,gemini_1_5_flash,Gemini 1.5 Flash,1,0.9
619,II-B,op_v_018,op_q_018,gemini_1_5_flash,Gemini 1.5 Flash,1,0.9
620,II-B,op_v_019,op_q_019,gemini_1_5_flash,Gemini 1.5 Flash,1,0.9
621,II-B,op_v_020,op_q_020,gemini_1_5_flash,Gemini 1.5 Flash,1,0.9
622,II-B,op_v_021,op_q_021,gemini_1_5_flash,Gemini 1.5 Flash,1,0.9
623,II-B,op_v_022,op_q_022,gemini_1_5_flash,Gemini 1.5 Flash,1,0.9
624,II-B,op_v_023,op_q_023,gemini_1_5_flash,Gemini 1.5 Flash,1,0.9
625,II-B,op_v_024,op_q_024,gemini_1_5_flash,Gemini 1.5 Flash,1,0.9
626,II-B,op_v_025,op_q_025,gemini_1_5_flash,Gemini 1.5 Flash,1,0.9
627,II-B,op_v_026,op_q_026,gemini_1_5_flash,Gemini 1.5 Flash,1,0.9
628,II-B,op_v_027,op_q_027,gemini_1_5_flash,Gemini 1.5 Flash,1,0.9
629,II-B,op_v_028,op_q_028,gemini_1_5_flash,Gemini 1.5 Flash,1,0.9
630,II-B,op_v_029,op_q_029,gemini_1_5_flash,Gemini 1.5 Flash,1,0.9
631,II-B,op_v_030,op_q_030,gemini_1_5_flash,Gemini 1.5 Flash,1,0.9
632,II-B,op_v_031,op_q_031,gemini_1_5_flash,Gemini 1.5 Flash,1,0.9
633,II-B,op_v_032,op_q_032,gemini_1_5_flash,Gemini 1.5 Flash,1,0.9
634,II-B,op_v_033,op_q_033,gemini_1_5_flash,Gemini 1.5 Flash,1,0.9
635,II-B,op_v_034,op_q_034,gemini_1_5_flash,Gemini 1.5 Flash,1,0.9
636,II-B,op_v_035,op_q_035,gemini_1_5_flash,Gemini 1.5 Flash,1,0.9
637,II-B,op_v_036,op_q_036,gemini_1_5_flash,Gemini 1.5 Flash,1,0.9
638,II-B,op_v_037,op_q_037,gemini_1_5_flash,Gemini 1.5 Flash,1,0.9
639,II-B,op_v_038,op_q_038,gemini_1_5_flash,Gemini 1.5 Flash,1,0.9
640,II-B,op_v_039,op_q_039,gemini_1_5_flash,Gemini 1.5 Flash,1,0.9
641,II-B,op_v_040,op_q_040,gemini_1_5_flash,Gemini 1.5 Flash,1,0.9
642,II-B,op_v_041,op_q_041,gemini_1_5_flash,Gemini 1.5 Flash,1,0.9
643,II-B,op_v_042,op_q_042,gemini_1_5_flash,Gemini 1.5 Flash,1,0.9
644,II-B,op_v_043,op_q_043,gemini_1_5_flash,Gemini 1.5 Flash,1,0.9
645,II-B,op_v_044,op_q_044,gemini_1_5_flash,Gemini 1.5 Flash,1,0.9
646,II-B,op_v_045,op_q_045,gemini_1_5_flash,Gemini 1.5 Flash,1,0.9
647,II-B,op_v_046,op_q_046,gemini_1_5_flash,Gemini 1.5 Flash,1,0.9
648,II-B,op_v_047,op_q_047,gemini_1_5_flash,Gemini 1.5 Flash,1,0.9
649,II-B,op_v_048,op_q_048,gemini_1_5_flash,Gemini 1.5 Flash,1,0.9
650,II-B,op_v_049,op_q_049,gemini_1_5_flash,Gemini 1.5 Flash,1,0.9
651,II-B,op_v_000,op_q_050,gemini_1_5_flash,Gemini 1.5 Flash,1,0.9
652,II-B,op_v_001,op_q_051,gemini_1_5_flash,Gemini 1.5 Flash,1,0.9
653,II-B,op_v_002,op_q_052,gemini_1_5_flash,Gemini 1.5 Flash,1,0.9
654,II-B,op_v_003,op_q_053,gemini_1_5_flash,Gemini 1.5 Flash,1,0.9
655,II-B,op_v_004,op_q_054,gemini_1_5_flash,Gemini 1.5 Flash,1,0.9
656,II-B,op_v_005,op_q_055,gemini_1_5_flash,Gemini 1.5 Flash,1,0.9
657,II-B,op_v_006,op_q_056,gemini_1_5_flash,Gemini 1.5 Flash,1,0.9
658,II-B,op_v_007,op_q_057,gemini_1_5_flash,Gemini 1.5 Flash,1,0.9
659,II-B,op_v_008,op_q_058,gemini_1_5_flash,Gemini 1.5 Flash,1,0.9
660,II-B,op_v_009,op_q_059,gemini_1_5_flash,Gemini 1.5 Flash,1,0.9
661,II-B,op_v_010,op_q_060,gemini_1_5_flash,Gemini 1.5 Flash,1,0.9
662,II-B,op_v_011,op_q_061,gemini_1_5_flash,Gemini 1.5 Flash,1,0.9
663,II-B,op_v_012,op_q_062,gemini_1_5_flash,Gemini 1.5 Flash,1,0.9
664,II-B,op_v_013,op_q_063,gemini_1_5_flash,Gemini 1.5 Flash,1,0.9
665,II-B,op_v_014,op_q_064,gemini_1_5_flash,Gemini 1.5 Flash,1,0.9
666,II-B,op_v_015,op_q_065,gemini_1_5_flash,Gemini 1.5 Flash,1,0.9
667,II-B,op_v_016,op_q_066,gemini_1_5_flash,Gemini 1.5 Flash,1,0.9
668,II-B,op_v_017,op_q_067,gemini_1_5_flash,Gemini 1.5 Flash,1,0.9
669,II-B,op_v_018,op_q_068,gemini_1_5_flash,Gemini 1.5 Flash,1,0.9
670,II-B,op_v_019,op_q_069,gemini_1_5_flash,Gemini 1.5 Flash,1,0.9
671,II-B,op_v_020,op_q_070,gemini_1_5_flash,Gemini 1.5 Flash,1,0.9
672,II-B,op_v_021,op_q_071,gemini_1_5_flash,Gemini 1.5 Flash,1,0.9
673,II-B,op_v_022,op_q_072,gemini_1_5_flash,Gemini 1.5 Flash,1,0.9
674,II-B,op_v_023,op_q_073,gemini_1_5_flash,Gemini 1.5 Flash,1,0.9
675,II-B,op_v_024,op_q_074,gemini_1_5_flash,Gemini 1.5 Flash,1,0.9
676,II-B,op_v_025,op_q_075,gemini_1_5_flash,Gemini 1.5 Flash,1,0.9
677,II-B,op_v_026,op_q_076,gemini_1_5_flash,Gemini 1.5 Flash,1,0.9
678,II-B,op_v_027,op_q_077,gemini_1_5_flash,Gemini 1.5 Flash,1,0.9
679,II-B,op_v_028,op_q_078,gemini_1_5_flash,Gemini 1.5 Flash,1,0.9
680,II-B,op_v_029,op_q_079,gemini_1_5_flash,Gemini 1.5 Flash,1,0.9
681,II-B,op_v_030,op_q_080,gemini_1_5_flash,Gemini 1.5 Flash,1,0.9
682,II-B,op_v_031,op_q_081,gemini_1_5_flash,Gemini 1.5 Flash,1,0.9
683,II-B,op_v_032,op_q_082,gemini_1_5_flash,Gemini 1.5 Flash,1,0.9
684,II-B,op_v_033,op_q_083,gemini_1_5_flash,Gemini 1.5 Flash,1,0.9
685,II-B,op_v_034,op_q_084,gemini_1_5_flash,Gemini 1.5 Flash,1,0.9
686,II-B,op_v_035,op_q_085,gemini_1_5_flash,Gemini 1.5 Flash,1,0.9
687,II-B,op_v_036,op_q_086,gemini_1_5_flash,Gemini 1.5 Flash,1,0.9
688,II-B,op_v_037,op_q_087,gemini_1_5_flash,Gemini 1.5 Flash,1,0.9
689,II-B,op_v_038,op_q_088,gemini_1_5_flash,Gemini 1.5 Flash,1,0.9
690,II-B,op_v_039,op_q_089,gemini_1_5_flash,Gemini 1.5 Flash,1,0.9
691,II-B,op_v_040,op_q_090,gemini_1_5_flash,Gemini 1.5 Flash,1,0.9
692,II-B,op_v_041,op_q_091,gemini_1_5_flash,Gemini 1.5 Flash,1,0.9
693,II-B,op_v_042,op_q_092,gemini_1_5_flash,Gemini 1.5 Flash,1,0.9
694,II-B,op_v_043,op_q_093,gemini_1_5_flash,Gemini 1.5 Flash,1,0.9
695,II-B,op_v_044,op_q_094,gemini_1_5_flash,Gemini 1.5 Flash,1,0.9
696,II-B,op_v_045,op_q_095,gemini_1_5_flash,Gemini 1.5 Flash,1,0.9
697,II-B,op_v_046,op_q_096,gemini_1_5_flash,Gemini 1.5 Flash,1,0.9
698,II-B,op_v_047,op_q_097,gemini_1_5_flash,Gemini 1.5 Flash,1,0.9
699,II-B,op_v_048,op_q_098,gemini_1_5_flash,Gemini 1.5 Flash,1,0.9
700,II-B,op_v_049,op_q_099,gemini_1_5_flash,Gemini 1.5 Flash,1,0.9
701,II-B,op_v_000,op_q_100,gemini_1_5_flash,Gemini 1.5 Flash,1,0.9
702,II-B,op_v_001,op_q_101,gemini_1_5_flash,Gemini 1.5 Flash,1,0.9
703,II-B,op_v_002,op_q_102,gemini_1_5_flash,Gemini 1.5 Flash,1,0.9
704,II-B,op_v_003,op_q_103,gemini_1_5_flash,Gemini 1.5 Flash,1,0.9
705,II-B,op_v_004,op_q_104,gemini_1_5_flash,Gemini 1.5 Flash,0,0.9
706,II-B,op_v_005,op_q_105,gemini_1_5_flash,Gemini 1.5 Flash,0,0.9
707,II-B,op_v_006,op_q_106,gemini_1_5_flash,Gemini 1.5 Flash,0,0.9
708,II-B,op_v_007,op_q_107,gemini_1_5_flash,Gemini 1.5 Flash,0,0.9
709,II-B,op_v_008,op_q_108,gemini_1_5_flash,Gemini 1.5 Flash,0,0.9
710,II-B,op_v_009,op_q_109,gemini_1_5_flash,Gemini 1.5 Flash,0,0.9
711,II-B,op_v_010,op_q_110,gemini_1_5_flash,Gemini 1.5 Flash,0,0.9
712,II-B,op_v_011,op_q_111,gemini_1_5_flash,Gemini 1.5 Flash,0,0.9
713,II-B,op_v_012,op_q_112,gemini_1_5_flash,Gemini 1.5 Flash,0,0.9
714,II-B,op_v_013,op_q_113,gemini_1_5_flash,Gemini 1.5 Flash,0,0.9
715,II-B,op_v_014,op_q_114,gemini_1_5_flash,Gemini 1.5 Flash,0,0.9
716,II-B,op_v_015,op_q_115,gemini_1_5_flash,Gemini 1.5 Flash,0,0.9
717,II-B,op_v_016,op_q_116,gemini_1_5_flash,Gemini 1.5 Flash,0,0.9
718,II-B,op_v_017,op_q_117,gemini_1_5_flash,Gemini 1.5 Flash,0,0.9
719,II-B,op_v_018,op_q_118,gemini_1_5_flash,Gemini 1.5 Flash,0,0.9
720,II-B,op_v_019,op_q_119,gemini_1_5_flash,Gemini 1.5 Flash,0,0.9
721,II-B,op_v_020,op_q_120,gemini_1_5_flash,Gemini 1.5 Flash,0,0.9
722,II-B,op_v_021,op_q_121,gemini_1_5_flash,Gemini 1.5 Flash,0,0.9
723,II-B,op_v_022,op_q_122,gemini_1_5_flash,Gemini 1.5 Flash,0,0.9
724,II-B,op_v_023,op_q_123,gemini_1_5_flash,Gemini 1.5 Flash,0,0.9
725,II-B,op_v_024,op_q_124,gemini_1_5_flash,Gemini 1.5 Flash,0,0.9
726,II-B,op_v_025,op_q_125,gemini_1_5_flash,Gemini 1.5 Flash,0,0.9
727,II-B,op_v_026,op_q_126,gemini_1_5_flash,Gemini 1.5 Flash,0,0.9
728,II-B,op_v_027,op_q_127,gemini_1_5_flash,Gemini 1.5 Flash,0,0.9
729,II-B,op_v_028,op_q_128,gemini_1_5_flash,Gemini 1.5 Flash,0,0.9
730,II-B,op_v_029,op_q_129,gemini_1_5_flash,Gemini 1.5 Flash,0,0.9
731,II-B,op_v_030,op_q_130,gemini_1_5_flash,Gemini 1.5 Flash,0,0.9
732,II-B,op_v_031,op_q_131,gemini_1_5_flash,Gemini 1.5 Flash,0,0.9
733,II-B,op_v_032,op_q_132,gemini_1_5_flash,Gemini 1.5 Flash,0,0.9
734,II-B,op_v_033,op_q_133,gemini_1_5_flash,Gemini 1.5 Flash,0,0.9
735,II-B,op_v_034,op_q_134,gemini_1_5_flash,Gemini 1.5 Flash,0,0.9
736,II-B,op_v_035,op_q_135,gemini_1_5_flash,Gemini 1.5 Flash,0,0.9
737,II-B,op_v_036,op_q_136,gemini_1_5_flash,Gemini 1.5 Flash,0,0.9
738,II-B,op_v_037,op_q_137,gemini_1_5_flash,Gemini 1.5 Flash,0,0.9
739,II-B,op_v_038,op_q_138,gemini_1_5_flash,Gemini 1.5 Flash,0,0.9
740,II-B,op_v_039,op_q_139,gemini_1_5_flash,Gemini 1.5 Flash,0,0.9
741,II-B,op_v_040,op_q_140,gemini_1_5_flash,Gemini 1.5 Flash,0,0.9
742,II-B,op_v_041,op_q_141,gemini_1_5_flash,Gemini 1.5 Flash,0,0.9
743,II-B,op_v_042,op_q_142,gemini_1_5_flash,Gemini 1.5 Flash,0,0.9
744,II-B,op_v_043,op_q_143,gemini_1_5_flash,Gemini 1.5 Flash,0,0.9
745,II-B,op_v_044,op_q_144,gemini_1_5_flash,Gemini 1.5 Flash,0,0.9
746,II-B,op_v_045,op_q_145,gemini_1_5_flash,Gemini 1.5 Flash,0,0.9
747,II-B,op_v_046,op_q_146,gemini_1_5_flash,Gemini 1.5 Flash,0,0.9
748,II-B,op_v_047,op_q_147,gemini_1_5_flash,Gemini 1.5 Flash,0,0.9
749,II-B,op_v_048,op_q_148,gemini_1_5_flash,Gemini 1.5 Flash,0,0.9
750,II-B,op_v_049,op_q_149,gemini_1_5_flash,Gemini 1.5 Flash,0,0.9
751,II-B,op_v_000,op_q_150,gemini_1_5_flash,Gemini 1.5 Flash,0,0.9
752,II-B,op_v_001,op_q_151,gemini_1_5_flash,Gemini 1.5 Flash,0,0.9
753,II-B,op_v_002,op_q_152,gemini_1_5_flash,Gemini 1.5 Flash,0,0.6
754,II-B,op_v_003,op_q_153,gemini_1_5_flash,Gemini 1.5 Flash,0,0.6
755,II-B,op_v_004,op_q_154,gemini_1_5_flash,Gemini 1.5 Flash,0,0.6
756,II-B,op_v_005,op_q_155,gemini_1_5_flash,Gemini 1.5 Flash,0,0.6
757,II-B,op_v_006,op_q_156,gemini_1_5_flash,Gemini 1.5 Flash,0,0.6
758,II-B,op_v_007,op_q_157,gemini_1_5_flash,Gemini 1.5 Flash,0,0.6
759,II-B,op_v_008,op_q_158,gemini_1_5_flash,Gemini 1.5 Flash,0,0.6
760,II-B,op_v_009,op_q_159,gemini_1_5_flash,Gemini 1.5 Flash,0,0.6
761,II-B,op_v_010,op_q_160,gemini_1_5_flash,Gemini 1.5 Flash,0,0.4
762,II-B,op_v_011,op_q_161,gemini_1_5_flash,Gemini 1.5 Flash,0,0.4
763,II-B,op_v_012,op_q_162,gemini_1_5_flash,Gemini 1.5 Flash,0,0.4
764,II-B,op_v_013,op_q_163,gemini_1_5_flash,Gemini 1.5 Flash,0,0.4
765,II-B,op_v_014,op_q_164,gemini_1_5_flash,Gemini 1.5 Flash,0,0.4
766,II-B,op_v_015,op_q_165,gemini_1_5_flash,Gemini 1.5 Flash,0,0.4
767,II-B,op_v_016,op_q_166,gemini_1_5_flash,Gemini 1.5 Flash,0,0.4
768,II-B,op_v_017,op_q_167,gemini_1_5_flash,Gemini 1.5 Flash,0,0.4
769,II-B,op_v_018,op_q_168,gemini_1_5_flash,Gemini 1.5 Flash,0,0.4
770,II-B,op_v_019,op_q_169,gemini_1_5_flash,Gemini 1.5 Flash,0,0.4
771,II-B,op_v_020,op_q_170,gemini_1_5_flash,Gemini 1.5 Flash,0,0.4
772,II-B,op_v_021,op_q_171,gemini_1_5_flash,Gemini 1.5 Flash,0,0.4
773,II-B,op_v_022,op_q_172,gemini_1_5_flash,Gemini 1.5 Flash,0,0.4
774,II-B,op_v_023,op_q_173,gemini_1_5_flash,Gemini 1.5 Flash,0,0.4
775,II-B,op_v_024,op_q_174,gemini_1_5_flash,Gemini 1.5 Flash,0,0.4
776,II-B,op_v_025,op_q_175,gemini_1_5_flash,Gemini 1.5 Flash,0,0.4
777,II-B,op_v_026,op_q_176,gemini_1_5_flash,Gemini 1.5 Flash,0,0.4
778,II-B,op_v_027,op_q_177,gemini_1_5_flash,Gemini 1.5 Flash,0,0.4
779,II-B,op_v_028,op_q_178,gemini_1_5_flash,Gemini 1.5 Flash,0,0.4
780,II-B,op_v_029,op_q_179,gemini_1_5_flash,Gemini 1.5 Flash,0,0.4
781,II-B,op_v_030,op_q_180,gemini_1_5_flash,Gemini 1.5 Flash,0,0.4
782,II-B,op_v_031,op_q_181,gemini_1_5_flash,Gemini 1.5 Flash,0,0.4
783,II-B,op_v_032,op_q_182,gemini_1_5_flash,Gemini 1.5 Flash,0,0.4
784,II-B,op_v_033,op_q_183,gemini_1_5_flash,Gemini 1.5 Flash,0,0.4
785,II-B,op_v_034,op_q_184,gemini_1_5_flash,Gemini 1.5 Flash,0,0.4
786,II-B,op_v_035,op_q_185,gemini_1_5_flash,Gemini 1.5 Flash,0,0.4
787,II-B,op_v_036,op_q_186,gemini_1_5_flash,Gemini 1.5 Flash,0,0.4
788,II-B,op_v_037,op_q_187,gemini_1_5_flash,Gemini 1.5 Flash,0,0.4
789,II-B,op_v_038,op_q_188,gemini_1_5_flash,Gemini 1.5 Flash,0,0.4
790,II-B,op_v_039,op_q_189,gemini_1_5_flash,Gemini 1.5 Flash,0,0.4
791,II-B,op_v_040,op_q_190,gemini_1_5_flash,Gemini 1.5 Flash,0,0.4
792,II-B,op_v_041,op_q_191,gemini_1_5_flash,Gemini 1.5 Flash,0,0.4
793,II-B,op_v_042,op_q_192,gemini_1_5_flash,Gemini 1.5 Flash,0,0.4
794,II-B,op_v_043,op_q_193,gemini_1_5_flash,Gemini 1.5 Flash,0,0.4
795,II-B,op_v_044,op_q_194,gemini_1_5_flash,Gemini 1.5 Flash,0,0.4
796,II-B,op_v_045,op_q_195,gemini_1_5_flash,Gemini 1.5 Flash,0,0.4
797,II-B,op_v_046,op_q_196,gemini_1_5_flash,Gemini 1.5 Flash,0,0.4
798,II-B,op_v_047,op_q_197,gemini_1_5_flash,Gemini 1.5 Flash,0,0.4
799,II-B,op_v_048,op_q_198,gemini_1_5_flash,Gemini 1.5 Flash,0,0.4
800,II-B,op_v_049,op_q_199,gemini_1_5_flash,Gemini 1.5 Flash,0,0.4
801,II-B,op_v_000,op_q_000,internvl2_26b,InternVL2-26B,1,0.9
802,II-B,op_v_001,op_q_001,internvl2_26b,InternVL2-26B,1,0.9
803,II-B,op_v_002,op_q_002,internvl2_26b,InternVL2-26B,1,0.9
804,II-B,op_v_003,op_q_003,internvl2_26b,InternVL2-26B,1,0.9
805,II-B,op_v_004,op_q_004,internvl2_26b,InternVL2-26B,1,0.9
806,II-B,op_v_005,op_q_005,internvl2_26b,InternVL2-26B,1,0.9
807,II-B,op_v_006,op_q_006,internvl2_26b,InternVL2-26B,1,0.9
808,II-B,op_v_007,op_q_007,internvl2_26b,InternVL2-26B,1,0.9
809,II-B,op_v_008,op_q_008,internvl2_26b,InternVL2-26B,1,0.9
810,II-B,op_v_009,op_q_009,internvl2_26b,InternVL2-26B,1,0.9
811,II-B,op_v_010,op_q_010,internvl2_26b,InternVL2-26B,1,0.9
812,II-B,op_v_011,op_q_011,internvl2_26b,InternVL2-26B,1,0.9
813,II-B,op_v_012,op_q_012,internvl2_26b,InternVL2-26B,1,0.9
814,II-B,op_v_013,op_q_013,internvl2_26b,InternVL2-26B,1,0.9
815,II-B,op_v_014,op_q_014,internvl2_26b,InternVL2-26B,1,0.9
816,II-B,op_v_015,op_q_015,internvl2_26b,InternVL2-26B,1,0.9
817,II-B,op_v_016,op_q_016,internvl2_26b,InternVL2-26B,1,0.9
818,II-B,op_v_017,op_q_017,internvl2_26b,InternVL2-26B,1,0.9
819,II-B,op_v_018,op_q_018,internvl2_26b,InternVL2-26B,1,0.9
820,II-B,op_v_019,op_q_019,internvl2_26b,InternVL2-26B,1,0.9
821,II-B,op_v_020,op_q_020,internvl2_26b,InternVL2-26B,1,0.9
822,II-B,op_v_021,op_q_021,internvl2_26b,InternVL2-26B,1,0.9
823,II-B,op_v_022,op_q_022,internvl2_26b,InternVL2-26B,1,0.9
824,II-B,op_v_023,op_q_023,internvl2_26b,InternVL2-26B,1,0.9
825,II-B,op_v_024,op_q_024,internvl2_26b,InternVL2-26B,1,0.9
826,II-B,op_v_025,op_q_025,internvl2_26b,InternVL2-26B,1,0.9
827,II-B,op_v_026,op_q_026,internvl2_26b,InternVL2-26B,1,0.9
828,II-B,op_v_027,op_q_027,internvl2_26b,InternVL2-26B,1,0.9
829,II-B,op_v_028,op_q_028,internvl2_26b,InternVL2-26B,1,0.9
830,II-B,op_v_029,op_q_029,internvl2_26b,InternVL2-26B,1,0.9
831,II-B,op_v_030,op_q_030,internvl2_26b,InternVL2-26B,1,0.9
832,II-B,op_v_031,op_q_031,internvl2_26b,InternVL2-26B,1,0.9
833,II-B,op_v_032,op_q_032,internvl2_26b,InternVL2-26B,1,0.9
834,II-B,op_v_033,op_q_033,internvl2_26b,InternVL2-26B,1,0.9
835,II-B,op_v_034,op_q_034,internvl2_26b,InternVL2-26B,1,0.9
836,II-B,op_v_035,op_q_035,internvl2_26b,InternVL2-26B,1,0.9
837,II-B,op_v_036,op_q_036,internvl2_26b,InternVL2-26B,1,0.9
838,II-B,op_v_037,op_q_037,internvl2_26b,InternVL2-26B,1,0.9
839,II-B,op_v_038,op_q_038,internvl2_26b,InternVL2-26B,1,0.9
840,II-B,op_v_039,op_q_039,internvl2_26b,InternVL2-26B,1,0.9
841,II-B,op_v_040,op_q_040,internvl2_26b,InternVL2-26B,1,0.9
842,II-B,op_v_041,op_q_041,internvl2_26b,InternVL2-26B,1,0.9
843,II-B,op_v_042,op_q_042,internvl2_26b,InternVL2-26B,1,0.9
844,II-B,op_v_043,op_q_043,internvl2_26b,InternVL2-26B,1,0.9
845,II-B,op_v_044,op_q_044,internvl2_26b,InternVL2-26B,1,0.9
846,II-B,op_v_045,op_q_045,internvl2_26b,InternVL2-26B,1,0.9
847,II-B,op_v_046,op_q_046,internvl2_26b,InternVL2-26B,1,0.9
848,II-B,op_v_047,op_q_047,internvl2_26b,InternVL2-26B,1,0.9
849,II-B,op_v_048,op_q_048,internvl2_26b,InternVL2-26B,1,0.9
850,II-B,op_v_049,op_q_049,internvl2_26b,InternVL2-26B,1,0.9
851,II-B,op_v_000,op_q_050,internvl2_26b,InternVL2-26B,1,0.9
852,II-B,op_v_001,op_q_051,internvl2_26b,InternVL2-26B,1,0.9
853,II-B,op_v_002,op_q_052,internvl2_26b,InternVL2-26B,1,0.9
854,II-B,op_v_003,op_q_053,internvl2_26b,InternVL2-26B,1,0.9
855,II-B,op_v_004,op_q_054,internvl2_26b,InternVL2-26B,1,0.9
856,II-B,op_v_005,op_q_055,internvl2_26b,InternVL2-26B,1,0.9
857,II-B,op_v_006,op_q_056,internvl2_26b,InternVL2-26B,1,0.9
858,II-B,op_v_007,op_q_057,internvl2_26b,InternVL2-26B,1,0.9
859,II-B,op_v_008,op_q_058,internvl2_26b,InternVL2-26B,1,0.9
860,II-B,op_v_009,op_q_059,internvl2_26b,InternVL2-26B,1,0.9
861,II-B,op_v_010,op_q_060,internvl2_26b,InternVL2-26B,1,0.9
862,II-B,op_v_011,op_q_061,internvl2_26b,InternVL2-26B,1,0.9
863,II-B,op_v_012,op_q_062,internvl2_26b,InternVL2-26B,1,0.9
864,II-B,op_v_013,op_q_063,internvl2_26b,InternVL2-26B,1,0.9
865,II-B,op_v_014,op_q_064,internvl2_26b,InternVL2-26B,1,0.9
866,II-B,op_v_015,op_q_065,internvl2_26b,InternVL2-26B,1,0.9
867,II-B,op_v_016,op_q_066,internvl2_26b,InternVL2-26B,1,0.9
868,II-B,op_v_017,op_q_067,internvl2_26b,InternVL2-26B,1,0.9
869,II-B,op_v_018,op_q_068,internvl2_26b,InternVL2-26B,1,0.9
870,II-B,op_v_019,op_q_069,internvl2_26b,InternVL2-26B,1,0.9
871,II-B,op_v_020,op_q_070,internvl2_26b,InternVL2-26B,1,0.9
872,II-B,op_v_021,op_q_071,internvl2_26b,InternVL2-26B,1,0.9
873,II-B,op_v_022,op_q_072,internvl2_26b,InternVL2-26B,1,0.9
874,II-B,op_v_023,op_q_073,internvl2_26b,InternVL2-26B,1,0.9
875,II-B,op_v_024,op_q_074,internvl2_26b,InternVL2-26B,1,0.9
876,II-B,op_v_025,op_q_075,internvl2_26b,InternVL2-26B,1,0.9
877,II-B,op_v_026,op_q_076,internvl2_26b,InternVL2-26B,1,0.9
878,II-B,op_v_027,op_q_077,internvl2_26b,InternVL2-26B,1,0.9
879,II-B,op_v_028,op_q_078,internvl2_26b,InternVL2-26B,1,0.9
880,II-B,op_v_029,op_q_079,internvl2_26b,InternVL2-26B,1,0.9
881,II-B,op_v_030,op_q_080,internvl2_26b,InternVL2-26B,1,0.9
882,II-B,op_v_031,op_q_081,internvl2_26b,InternVL2-26B,1,0.9
883,II-B,op_v_032,op_q_082,internvl2_26b,InternVL2-26B,1,0.9
884,II-B,op_v_033,op_q_083,internvl2_26b,InternVL2-26B,1,0.9
885,II-B,op_v_034,op_q_084,internvl2_26b,InternVL2-26B,1,0.9
886,II-B,op_v_035,op_q_085,internvl2_26b,InternVL2-26B,1,0.9
887,II-B,op_v_036,op_q_086,internvl2_26b,InternVL2-26B,1,0.9
888,II-B,op_v_037,op_q_087,internvl2_26b,InternVL2-26B,1,0.9
889,II-B,op_v_038,op_q_088,internvl2_26b,InternVL2-26B,1,0.9
890,II-B,op_v_039,op_q_089,internvl2_26b,InternVL2-26B,1,0.9
891,II-B,op_v_040,op_q_090,internvl2_26b,InternVL2-26B,1,0.9
892,II-B,op_v_041,op_q_091,internvl2_26b,InternVL2-26B,1,0.9
893,II-B,op_v_042,op_q_092,internvl2_26b,InternVL2-26B,1,0.9
894,II-B,op_v_043,op_q_093,internvl2_26b,InternVL2-26B,1,0.9
895,II-B,op_v_044,op_q_094,internvl2_26b,InternVL2-26B,1,0.9
896,II-B,op_v_045,op_q_095,internvl2_26b,InternVL2-26B,1,0.9
897,II-B,op_v_046,op_q_096,internvl2_26b,InternVL2-26B,1,0.9
898,II-B,op_v_047,op_q_097,internvl2_26b,InternVL2-26B,1,0.9
899,II-B,op_v_048,op_q_098,internvl2_26b,InternVL2-26B,0,0.9
900,II-B,op_v_049,op_q_099,internvl2_26b,InternVL2-26B,0,0.9
901,II-B,op_v_000,op_q_100,internvl2_26b,InternVL2-26B,0,0.9
902,II-B,op_v_001,op_q_101,internvl2_26b,InternVL2-26B,0,0.9
903,II-B,op_v_002,op_q_102,internvl2_26b,InternVL2-26B,0,0.9
904,II-B,op_v_003,op_q_103,internvl2_26b,InternVL2-26B,0,0.9
905,II-B,op_v_004,op_q_104,internvl2_26b,InternVL2-26B,0,0.9
906,II-B,op_v_005,op_q_105,internvl2_26b,InternVL2-26B,0,0.9
907,II-B,op_v_006,op_q_106,internvl2_26b,InternVL2-26B,0,0.9
908,II-B,op_v_007,op_q_107,internvl2_26b,InternVL2-26B,0,0.9
909,II-B,op_v_008,op_q_108,internvl2_26b,InternVL2-26B,0,0.9
910,II-B,op_v_009,op_q_109,internvl2_26b,InternVL2-26B,0,0.9
911,II-B,op_v_010,op_q_110,internvl2_26b,InternVL2-26B,0,0.9
912,II-B,op_v_011,op_q_111,internvl2_26b,InternVL2-26B,0,0.9
913,II-B,op_v_012,op_q_112,internvl2_26b,InternVL2-26B,0,0.9
914,II-B,op_v_013,op_q_113,internvl2_26b,InternVL2-26B,0,0.9
915,II-B,op_v_014,op_q_114,internvl2_26b,InternVL2-26B,0,0.9
916,II-B,op_v_015,op_q_115,internvl2_26b,InternVL2-26B,0,0.9
917,II-B,op_v_016,op_q_116,internvl2_26b,InternVL2-26B,0,0.9
918,II-B,op_v_017,op_q_117,internvl2_26b,InternVL2-26B,0,0.9
919,II-B,op_v_018,op_q_118,internvl2_26b,InternVL2-26B,0,0.9
920,II-B,op_v_019,op_q_119,internvl2_26b,InternVL2-26B,0,0.9
921,II-B,op_v_020,op_q_120,internvl2_26b,InternVL2-26B,0,0.9
922,II-B,op_v_021,op_q_121,internvl2_26b,InternVL2-26B,0,0.9
923,II-B,op_v_022,op_q_122,internvl2_26b,InternVL2-26B,0,0.9
924,II-B,op_v_023,op_q_123,internvl2_26b,InternVL2-26B,0,0.9
925,II-B,op_v_024,op_q_124,internvl2_26b,InternVL2-26B,0,0.9
926,II-B,op_v_025,op_q_125,internvl2_26b,InternVL2-26B,0,0.9
927,II-B,op_v_026,op_q_126,internvl2_26b,InternVL2-26B,0,0.9
928,II-B,op_v_027,op_q_127,internvl2_26b,InternVL2-26B,0,0.9
929,II-B,op_v_028,op_q_128,internvl2_26b,InternVL2-26B,0,0.9
930,II-B,op_v_029,op_q_129,internvl2_26b,InternVL2-26B,0,0.9
931,II-B,op_v_030,op_q_130,internvl2_26b,InternVL2-26B,0,0.9
932,II-B,op_v_031,op_q_131,internvl2_26b,InternVL2-26B,0,0.9
933,II-B,op_v_032,op_q_132,internvl2_26b,InternVL2-26B,0,0.9
934,II-B,op_v_033,op_q_133,internvl2_26b,InternVL2-26B,0,0.9
935,II-B,op_v_034,op_q_134,internvl2_26b,InternVL2-26B,0,0.9
936,II-B,op_v_035,op_q_135,internvl2_26b,InternVL2-26B,0,0.9
937,II-B,op_v_036,op_q_136,internvl2_26b,InternVL2-26B,0,0.9
938,II-B,op_v_037,op_q_137,internvl2_26b,InternVL2-26B,0,0.9
939,II-B,op_v_038,op_q_138,internvl2_26b,InternVL2-26B,0,0.9
940,II-B,op_v_039,op_q_139,internvl2_26b,InternVL2-26B,0,0.9
941,II-B,op_v_040,op_q_140,internvl2_26b,InternVL2-26B,0,0.9
942,II-B,op_v_041,op_q_141,internvl2_26b,InternVL2-26B,0,0.9
943,II-B,op_v_042,op_q_142,internvl2_26b,InternVL2-26B,0,0.9
944,II-B,op_v_043,op_q_143,internvl2_26b,InternVL2-26B,0,0.9
945,II-B,op_v_044,op_q_144,internvl2_26b,InternVL2-26B,0,0.9
946,II-B,op_v_045,op_q_145,internvl2_26b,InternVL2-26B,0,0.9
947,II-B,op_v_046,op_q_146,internvl2_26b,InternVL2-26B,0,0.9
948,II-B,op_v_047,op_q_147,internvl2_26b,InternVL2-26B,0,0.9
949,II-B,op_v_048,op_q_148,internvl2_26b,InternVL2-26B,0,0.9
950,II-B,op_v_049,op_q_149,internvl2_26b,InternVL2-26B,0,0.9
951,II-B,op_v_000,op_q_150,internvl2_26b,InternVL2-26B,0,0.9
952,II-B,op_v_001,op_q_151,internvl2_26b,InternVL2-26B,0,0.9
953,II-B,op_v_002,op_q_152,internvl2_26b,InternVL2-26B,0,0.9
954,II-B,op_v_003,op_q_153,internvl2_26b,InternVL2-26B,0,0.9
955,II-B,op_v_004,op_q_154,internvl2_26b,InternVL2-26B,0,0.6
956,II-B,op_v_005,op_q_155,internvl2_26b,InternVL2-26B,0,0.6
957,II-B,op_v_006,op_q_156,internvl2_26b,InternVL2-26B,0,0.6
958,II-B,op_v_007,op_q_157,internvl2_26b,InternVL2-26B,0,0.6
959,II-B,op_v_008,op_q_158,internvl2_26b,InternVL2-26B,0,0.6
960,II-B,op_v_009,op_q_159,internvl2_26b,InternVL2-26B,0,0.6
961,II-B,op_v_010,op_q_160,internvl2_26b,InternVL2-26B,0,0.4
962,II-B,op_v_011,op_q_161,internvl2_26b,InternVL2-26B,0,0.4
963,II-B,op_v_012,op_q_162,internvl2_26b,InternVL2-26B,0,0.4
964,II-B,op_v_013,op_q_163,internvl2_26b,InternVL2-26B,0,0.4
965,II-B,op_v_014,op_q_164,internvl2_26b,InternVL2-26B,0,0.4
966,II-B,op_v_015,op_q_165,internvl2_26b,InternVL2-26B,0,0.4
967,II-B,op_v_016,op_q_166,internvl2_26b,InternVL2-26B,0,0.4
968,II-B,op_v_017,op_q_167,internvl2_26b,InternVL2-26B,0,0.4
969,II-B,op_v_018,op_q_168,internvl2_26b,InternVL2-26B,0,0.4
970,II-B,op_v_019,op_q_169,internvl2_26b,InternVL2-26B,0,0.4
971,II-B,op_v_020,op_q_170,internvl2_26b,InternVL2-26B,0,0.4
972,II-B,op_v_021,op_q_171,internvl2_26b,InternVL2-26B,0,0.4
973,II-B,op_v_022,op_q_172,internvl2_26b,InternVL2-26B,0,0.4
974,II-B,op_v_023,op_q_173,internvl2_26b,InternVL2-26B,0,0.4
975,II-B,op_v_024,op_q_174,internvl2_26b,InternVL2-26B,0,0.4
976,II-B,op_v_025,op_q_175,internvl2_26b,InternVL2-26B,0,0.4
977,II-B,op_v_026,op_q_176,internvl2_26b,InternVL2-26B,0,0.4
978,II-B,op_v_027,op_q_177,internvl2_26b,InternVL2-26B,0,0.4
979,II-B,op_v_028,op_q_178,internvl2_26b,InternVL2-26B,0,0.4
980,II-B,op_v_029,op_q_179,internvl2_26b,InternVL2-26B,0,0.4
981,II-B,op_v_030,op_q_180,internvl2_26b,InternVL2-26B,0,0.4
982,II-B,op_v_031,op_q_181,internvl2_26b,InternVL2-26B,0,0.4
983,II-B,op_v_032,op_q_182,internvl2_26b,InternVL2-26B,0,0.4
984,II-B,op_v_033,op_q_183,internvl2_26b,InternVL2-26B,0,0.4
985,II-B,op_v_034,op_q_184,internvl2_26b,InternVL2-26B,0,0.4
986,II-B,op_v_035,op_q_185,internvl2_26b,InternVL2-26B,0,0.4
987,II-B,op_v_036,op_q_186,internvl2_26b,InternVL2-26B,0,0.4
988,II-B,op_v_037,op_q_187,internvl2_26b,InternVL2-26B,0,0.4
989,II-B,op_v_038,op_q_188,internvl2_26b,InternVL2-26B,0,0.4
990,II-B,op_v_039,op_q_189,internvl2_26b,InternVL2-26B,0,0.4
991,II-B,op_v_040,op_q_190,internvl2_26b,InternVL2-26B,0,0.4
992,II-B,op_v_041,op_q_191,internvl2_26b,InternVL2-26B,0,0.4
993,II-B,op_v_042,op_q_192,internvl2_26b,InternVL2-26B,0,0.4
994,II-B,op_v_043,op_q_193,internvl2_26b,InternVL2-26B,0,0.4
995,II-B,op_v_044,op_q_194,internvl2_26b,InternVL2-26B,0,0.4
996,II-B,op_v_045,op_q_195,internvl2_26b,InternVL2-26B,0,0.4
997,II-B,op_v_046,op_q_196,internvl2_26b,InternVL2-26B,0,0.4
998,II-B,op_v_047,op_q_197,internvl2_26b,InternVL2-26B,0,0.4
999,II-B,op_v_048,op_q_198,internvl2_26b,InternVL2-26B,0,0.4
1000,II-B,op_v_049,op_q_199,internvl2_26b,InternVL2-26B,0,0.4
1001,II-B,op_v_000,op_q_000,gpt_4o,GPT-4o,1,0.9
1002,II-B,op_v_001,op_q_001,gpt_4o,GPT-4o,1,0.9
1003,II-B,op_v_002,op_q_002,gpt_4o,GPT-4o,1,0.9
1004,II-B,op_v_003,op_q_003,gpt_4o,GPT-4o,1,0.9
1005,II-B,op_v_004,op_q_004,gpt_4o,GPT-4o,1,0.9
1006,II-B,op_v_005,op_q_005,gpt_4o,GPT-4o,1,0.9
1007,II-B,op_v_006,op_q_006,gpt_4o,GPT-4o,1,0.9
1008,II-B,op_v_007,op_q_007,gpt_4o,GPT-4o,1,0.9
1009,II-B,op_v_008,op_q_008,gpt_4o,GPT-4o,1,0.9
1010,II-B,op_v_009,op_q_009,gpt_4o,GPT-4o,1,0.9
1011,II-B,op_v_010,op_q_010,gpt_4o,GPT-4o,1,0.9
1012,II-B,op_v_011,op_q_011,gpt_4o,GPT-4o,1,0.9
1013,II-B,op_v_012,op_q_012,gpt_4o,GPT-4o,1,0.9
1014,II-B,op_v_013,op_q_013,gpt_4o,GPT-4o,1,0.9
1015,II-B,op_v_014,op_q_014,gpt_4o,GPT-4o,1,0.9
1016,II-B,op_v_015,op_q_015,gpt_4o,GPT-4o,1,0.9
1017,II-B,op_v_016,op_q_016,gpt_4o,GPT-4o,1,0.9
1018,II-B,op_v_017,op_q_017,gpt_4o,GPT-4o,1,0.9
1019,II-B,op_v_018,op_q_018,gpt_4o,GPT-4o,1,0.9
1020,II-B,op_v_019,op_q_019,gpt_4o,GPT-4o,1,0.9
1021,II-B,op_v_020,op_q_020,gpt_4o,GPT-4o,1,0.9
1022,II-B,op_v_021,op_q_021,gpt_4o,GPT-4o,1,0.9
1023,II-B,op_v_022,op_q_022,gpt_4o,GPT-4o,1,0.9
1024,II-B,op_v_023,op_q_023,gpt_4o,GPT-4o,1,0.9
1025,II-B,op_v_024,op_q_024,gpt_4o,GPT-4o,1,0.9
1026,II-B,op_v_025,op_q_025,gpt_4o,GPT-4o,1,0.9
1027,II-B,op_v_026,op_q_026,gpt_4o,GPT-4o,1,0.9
1028,II-B,op_v_027,op_q_027,gpt_4o,GPT-4o,1,0.9
1029,II-B,op_v_028,op_q_028,gpt_4o,GPT-4o,1,0.9
1030,II-B,op_v_029,op_q_029,gpt_4o,GPT-4o,1,0.9
1031,II-B,op_v_030,op_q_030,gpt_4o,GPT-4o,1,0.9
1032,II-B,op_v_031,op_q_031,gpt_4o,GPT-4o,1,0.9
1033,II-B,op_v_032,op_q_032,gpt_4o,GPT-4o,1,0.9
1034,II-B,op_v_033,op_q_033,gpt_4o,GPT-4o,1,0.9
1035,II-B,op_v_034,op_q_034,gpt_4o,GPT-4o,1,0.9
1036,II-B,op_v_035,op_q_035,gpt_4o,GPT-4o,1,0.9
1037,II-B,op_v_036,op_q_036,gpt_4o,GPT-4o,1,0.9
1038,II-B,op_v_037,op_q_037,gpt_4o,GPT-4o,1,0.9
1039,II-B,op_v_038,op_q_038,gpt_4o,GPT-4o,1,0.9
1040,II-B,op_v_039,op_q_039,gpt_4o,GPT-4o,1,0.9
1041,II-B,op_v_040,op_q_040,gpt_4o,GPT-4o,1,0.9
1042,II-B,op_v_041,op_q_041,gpt_4o,GPT-4o,1,0.9
1043,II-B,op_v_042,op_q_042,gpt_4o,GPT-4o,1,0.9
1044,II-B,op_v_043,op_q_043,gpt_4o,GPT-4o,1,0.9
1045,II-B,op_v_044,op_q_044,gpt_4o,GPT-4o,1,0.9
1046,II-B,op_v_045,op_q_045,gpt_4o,GPT-4o,1,0.9
1047,II-B,op_v_046,op_q_046,gpt_4o,GPT-4o,1,0.9
1048,II-B,op_v_047,op_q_047,gpt_4o,GPT-4o,1,0.9
1049,II-B,op_v_048,op_q_048,gpt_4o,GPT-4o,1,0.9
1050,II-B,op_v_049,op_q_049,gpt_4o,GPT-4o,1,0.9
1051,II-B,op_v_000,op_q_050,gpt_4o,GPT-4o,1,0.9
1052,II-B,op_v_001,op_q_051,gpt_4o,GPT-4o,1,0.9
1053,II-B,op_v_002,op_q_052,gpt_4o,GPT-4o,1,0.9
1054,II-B,op_v_003,op_q_053,gpt_4o,GPT-4o,1,0.9
1055,II-B,op_v_004,op_q_054,gpt_4o,GPT-4o,1,0.9
1056,II-B,op_v_005,op_q_055,gpt_4o,GPT-4o,1,0.9
1057,II-B,op_v_006,op_q_056,gpt_4o,GPT-4o,1,0.9
1058,II-B,op_v_007,op_q_057,gpt_4o,GPT-4o,1,0.9
1059,II-B,op_v_008,op_q_058,gpt_4o,GPT-4o,1,0.9
1060,II-B,op_v_009,op_q_059,gpt_4o,GPT-4o,1,0.9
1061,II-B,op_v_010,op_q_060,gpt_4o,GPT-4o,1,0.9
1062,II-B,op_v_011,op_q_061,gpt_4o,GPT-4o,1,0.9
1063,II-B,op_v_012,op_q_062,gpt_4o,GPT-4o,1,0.9
1064,II-B,op_v_013,op_q_063,gpt_4o,GPT-4o,1,0.9
1065,II-B,op_v_014,op_q_064,gpt_4o,GPT-4o,1,0.9
1066,II-B,op_v_015,op_q_065,gpt_4o,GPT-4o,1,0.9
1067,II-B,op_v_016,op_q_066,gpt_4o,GPT-4o,1,0.9
1068,II-B,op_v_017,op_q_067,gpt_4o,GPT-4o,1,0.9
1069,II-B,op_v_018,op_q_068,gpt_4o,GPT-4o,1,0.9
1070,II-B,op_v_019,op_q_069,gpt_4o,GPT-4o,1,0.9
1071,II-B,op_v_020,op_q_070,gpt_4o,GPT-4o,1,0.9
1072,II-B,op_v_021,op_q_071,gpt_4o,GPT-4o,1,0.9
1073,II-B,op_v_022,op_q_072,gpt_4o,GPT-4o,1,0.9
1074,II-B,op_v_023,op_q_073,gpt_4o,GPT-4o,1,0.9
1075,II-B,op_v_024,op_q_074,gpt_4o,GPT-4o,1,0.9
1076,II-B,op_v_025,op_q_075,gpt_4o,GPT-4o,1,0.9
1077,II-B,op_v_026,op_q_076,gpt_4o,GPT-4o,1,0.9
1078,II-B,op_v_027,op_q_077,gpt_4o,GPT-4o,1,0.9
1079,II-B,op_v_028,op_q_078,gpt_4o,GPT-4o,1,0.9
1080,II-B,op_v_029,op_q_079,gpt_4o,GPT-4o,1,0.9
1081,II-B,op_v_030,op_q_080,gpt_4o,GPT-4o,1,0.9
1082,II-B,op_v_031,op_q_081,gpt_4o,GPT-4o,1,0.9
1083,II-B,op_v_032,op_q_082,gpt_4o,GPT-4o,1,0.9
1084,II-B,op_v_033,op_q_083,gpt_4o,GPT-4o,1,0.9
1085,II-B,op_v_034,op_q_084,gpt_4o,GPT-4o,1,0.9
1086,II-B,op_v_035,op_q_085,gpt_4o,GPT-4o,1,0.9
1087,II-B,op_v_036,op_q_086,gpt_4o,GPT-4o,1,0.9
1088,II-B,op_v_037,op_q_087,gpt_4o,GPT-4o,1,0.9
1089,II-B,op_v_038,op_q_088,gpt_4o,GPT-4o,1,0.9
1090,II-B,op_v_039,op_q_089,gpt_4o,GPT-4o,1,0.9
1091,II-B,op_v_040,op_q_090,gpt_4o,GPT-4o,1,0.9
1092,II-B,op_v_041,op_q_091,gpt_4o,GPT-4o,1,0.9
1093,II-B,op_v_042,op_q_092,gpt_4o,GPT-4o,1,0.9
1094,II-B,op_v_043,op_q_093,gpt_4o,GPT-4o,1,0.9
1095,II-B,op_v_044,op_q_094,gpt_4o,GPT-4o,1,0.9
1096,II-B,op_v_045,op_q_095,gpt_4o,GPT-4o,1,0.9
1097,II-B,op_v_046,op_q_096,gpt_4o,GPT-4o,0,0.9
1098,II-B,op_v_047,op_q_097,gpt_4o,GPT-4o,0,0.9
1099,II-B,op_v_048,op_q_098,gpt_4o,GPT-4o,0,0.9
1100,II-B,op_v_049,op_q_099,gpt_4o,GPT-4o,0,0.9
1101,II-B,op_v_000,op_q_100,gpt_4o,GPT-4o,0,0.9
1102,II-B,op_v_001,op_q_101,gpt_4o,GPT-4o,0,0.9
1103,II-B,op_v_002,op_q_102,gpt_4o,GPT-4o,0,0.9
1104,II-B,op_v_003,op_q_103,gpt_4o,GPT-4o,0,0.9
1105,II-B,op_v_004,op_q_104,gpt_4o,GPT-4o,0,0.9
1106,II-B,op_v_005,op_q_105,gpt_4o,GPT-4o,0,0.9
1107,II-B,op_v_006,op_q_106,gpt_4o,GPT-4o,0,0.9
1108,II-B,op_v_007,op_q_107,gpt_4o,GPT-4o,0,0.9
1109,II-B,op_v_008,op_q_108,gpt_4o,GPT-4o,0,0.9
1110,II-B,op_v_009,op_q_109,gpt_4o,GPT-4o,0,0.9
1111,II-B,op_v_010,op_q_110,gpt_4o,GPT-4o,0,0.9
1112,II-B,op_v_011,op_q_111,gpt_4o,GPT-4o,0,0.9
1113,II-B,op_v_012,op_q_112,gpt_4o,GPT-4o,0,0.9
1114,II-B,op_v_013,op_q_113,gpt_4o,GPT-4o,0,0.9
1115,II-B,op_v_014,op_q_114,gpt_4o,GPT-4o,0,0.9
1116,II-B,op_v_015,op_q_115,gpt_4o,GPT-4o,0,0.9
1117,II-B,op_v_016,op_q_116,gpt_4o,GPT-4o,0,0.9
1118,II-B,op_v_017,op_q_117,gpt_4o,GPT-4o,0,0.9
1119,II-B,op_v_018,op_q_118,gpt_4o,GPT-4o,0,0.9
1120,II-B,op_v_019,op_q_119,gpt_4o,GPT-4o,0,0.9
1121,II-B,op_v_020,op_q_120,gpt_4o,GPT-4o,0,0.9
1122,II-B,op_v_021,op_q_121,gpt_4o,GPT-4o,0,0.9
1123,II-B,op_v_022,op_q_122,gpt_4o,GPT-4o,0,0.9
1124,II-B,op_v_023,op_q_123,gpt_4o,GPT-4o,0,0.9
1125,II-B,op_v_024,op_q_124,gpt_4o,GPT-4o,0,0.9
1126,II-B,op_v_025,op_q_125,gpt_4o,GPT-4o,0,0.9
1127,II-B,op_v_026,op_q_126,gpt_4o,GPT-4o,0,0.9
1128,II-B,op_v_027,op_q_127,gpt_4o,GPT-4o,0,0.9
1129,II-B,op_v_028,op_q_128,gpt_4o,GPT-4o,0,0.9
1130,II-B,op_v_029,op_q_129,gpt_4o,GPT-4o,0,0.9
1131,II-B,op_v_030,op_q_130,gpt_4o,GPT-4o,0,0.9
1132,II-B,op_v_031,op_q_131,gpt_4o,GPT-4o,0,0.9
1133,II-B,op_v_032,op_q_132,gpt_4o,GPT-4o,0,0.9
1134,II-B,op_v_033,op_q_133,gpt_4o,GPT-4o,0,0.9
1135,II-B,op_v_034,op_q_134,gpt_4o,GPT-4o,0,0.9
1136,II-B,op_v_035,op_q_135,gpt_4o,GPT-4o,0,0.9
1137,II-B,op_v_036,op_q_136,gpt_4o,GPT-4o,0,0.9
1138,II-B,op_v_037,op_q_137,gpt_4o,GPT-4o,0,0.9
1139,II-B,op_v_038,op_q_138,gpt_4o,GPT-4o,0,0.9
1140,II-B,op_v_039,op_q_139,gpt_4o,GPT-4o,0,0.9
1141,II-B,op_v_040,op_q_140,gpt_4o,GPT-4o,0,0.9
1142,II-B,op_v_041,op_q_141,gpt_4o,GPT-4o,0,0.9
1143,II-B,op_v_042,op_q_142,gpt_4o,GPT-4o,0,0.9
1144,II-B,op_v_043,op_q_143,gpt_4o,GPT-4o,0,0.9
1145,II-B,op_v_044,op_q_144,gpt_4o,GPT-4o,0,0.9
1146,II-B,op_v_045,op_q_145,gpt_4o,GPT-4o,0,0.9
1147,II-B,op_v_046,op_q_146,gpt_4o,GPT-4o,0,0.9
1148,II-B,op_v_047,op_q_147,gpt_4o,GPT-4o,0,0.9
1149,II-B,op_v_048,op_q_148,gpt_4o,GPT-4o,0,0.9
1150,II-B,op_v_049,op_q_149,gpt_4o,GPT-4o,0,0.9
1151,II-B,op_v_000,op_q_150,gpt_4o,GPT-4o,0,0.9
1152,II-B,op_v_001,op_q_151,gpt_4o,GPT-4o,0,0.9
1153,II-B,op_v_002,op_q_152,gpt_4o,GPT-4o,0,0.9
1154,II-B,op_v_003,op_q_153,gpt_4o,GPT-4o,0,0.9
1155,II-B,op_v_004,op_q_154,gpt_4o,GPT-4o,0,0.9
1156,II-B,op_v_005,op_q_155,gpt_4o,GPT-4o,0,0.9
1157,II-B,op_v_006,op_q_156,gpt_4o,GPT-4o,0,0.9
1158,II-B,op_v_007,op_q_157,gpt_4o,GPT-4o,0,0.9
1159,II-B,op_v_008,op_q_158,gpt_4o,GPT-4o,0,0.9
1160,II-B,op_v_009,op_q_159,gpt_4o,GPT-4o,0,0.9
1161,II-B,op_v_010,op_q_160,gpt_4o,GPT-4o,0,0.9
1162,II-B,op_v_011,op_q_161,gpt_4o,GPT-4o,0,0.9
1163,II-B,op_v_012,op_q_162,gpt_4o,GPT-4o,0,0.9
1164,II-B,op_v_013,op_q_163,gpt_4o,GPT-4o,0,0.9
1165,II-B,op_v_014,op_q_164,gpt_4o,GPT-4o,0,0.9
1166,II-B,op_v_015,op_q_165,gpt_4o,GPT-4o,0,0.9
1167,II-B,op_v_016,op_q_166,gpt_4o,GPT-4o,0,0.4
1168,II-B,op_v_017,op_q_167,gpt_4o,GPT-4o,0,0.4
1169,II-B,op_v_018,op_q_168,gpt_4o,GPT-4o,0,0.4
1170,II-B,op_v_019,op_q_169,gpt_4o,GPT-4o,0,0.4
1171,II-B,op_v_020,op_q_170,gpt_4o,GPT-4o,0,0.4
1172,II-B,op_v_021,op_q_171,gpt_4o,GPT-4o,0,0.4
1173,II-B,op_v_022,op_q_172,gpt_4o,GPT-4o,0,0.4
1174,II-B,op_v_023,op_q_173,gpt_4o,GPT-4o,0,0.4
1175,II-B,op_v_024,op_q_174,gpt_4o,GPT-4o,0,0.4
1176,II-B,op_v_025,op_q_175,gpt_4o,GPT-4o,0,0.4
1177,II-B,op_v_026,op_q_176,gpt_4o,GPT-4o,0,0.4
1178,II-B,op_v_027,op_q_177,gpt_4o,GPT-4o,0,0.4
1179,II-B,op_v_028,op_q_178,gpt_4o,GPT-4o,0,0.4
1180,II-B,op_v_029,op_q_179,gpt_4o,GPT-4o,0,0.4
1181,II-B,op_v_030,op_q_180,gpt_4o,GPT-4o,0,0.4
1182,II-B,op_v_031,op_q_181,gpt_4o,GPT-4o,0,0.4
1183,II-B,op_v_032,op_q_182,gpt_4o,GPT-4o,0,0.4
1184,II-B,op_v_033,op_q_183,gpt_4o,GPT-4o,0,0.4
1185,II-B,op_v_034,op_q_184,gpt_4o,GPT-4o,0,0.4
1186,II-B,op_v_035,op_q_185,gpt_4o,GPT-4o,0,0.4
1187,II-B,op_v_036,op_q_186,gpt_4o,GPT-4o,0,0.4
1188,II-B,op_v_037,op_q_187,gpt_4o,GPT-4o,0,0.4
1189,II-B,op_v_038,op_q_188,gpt_4o,GPT-4o,0,0.4
1190,II-B,op_v_039,op_q_189,gpt_4o,GPT-4o,0,0.4
1191,II-B,op_v_040,op_q_190,gpt_4o,GPT-4o,0,0.4
1192,II-B,op_v_041,op_q_191,gpt_4o,GPT-4o,0,0.4
1193,II-B,op_v_042,op_q_192,gpt_4o,GPT-4o,0,0.4
1194,II-B,op_v_043,op_q_193,gpt_4o,GPT-4o,0,0.4
1195,II-B,op_v_044,op_q_194,gpt_4o,GPT-4o,0,0.4
1196,II-B,op_v_045,op_q_195,gpt_4o,GPT-4o,0,0.4
1197,II-B,op_v_046,op_q_196,gpt_4o,GPT-4o,0,0.4
1198,II-B,op_v_047,op_q_197,gpt_4o,GPT-4o,0,0.4
1199,II-B,op_v_048,op_q_198,gpt_4o,GPT-4o,0,0.4
1200,II-B,op_v_049,op_q_199,gpt_4o,GPT-4o,0,0.4
